TimeStamp_raw,TimeStamp,Speed,StateOfChargeBMS,StateOfHealth,BatteryCurrent,BatteryDCVoltage,BatteryTemperature1,BatteryMaxTemperature,BatteryMinTemperature,Latitude,Longitude,AccelerationX,AccelerationY,AccelerationZ,TirePressureFrontLeft,TirePressureFrontRight,TirePressureBackLeft,TirePressureBackRight,IndoorTemperature,OutdoorTemperature,CEC_CumulativeEnergyCharged,CED_CumulativeEnergyDischarged,Charging,DistanceTrip
2022-05-23 19:24:40+00:00,2022-05-23 19:24:40,0.008,93.5,100.0,0.8,781.2,18.0,20.0,18.0,56.071197,10.160616,0.0,0.875,10.125,40.2,40.6,40.0,40.2,18.5,14.0,29440.0,30054.4,0,0.0
2022-05-23 19:24:45+00:00,2022-05-23 19:24:45,0.0044,93.5,100.0,1.4,781.2,18.0,20.0,18.0,56.071217,10.1606312,-0.0277777777777778,0.875,10.0305555555556,40.2,40.6,40.0,40.2,18.5,14.0,29440.0,30054.4,0,0.6
2022-05-23 19:24:50+00:00,2022-05-23 19:24:50,0.8684,93.5,100.0,3.1,780.9,18.0,20.0,18.0,56.071263,10.1606626,0.114795918367347,0.816326530612245,10.0510204081633,40.2,40.6,40.0,40.2,19.0,14.0,29440.0,30054.4,0,2.4
2022-05-23 19:25:00+00:00,2022-05-23 19:25:00,6.862,93.5,100.0,6.2,780.3,18.0,20.0,18.0,56.071279,10.1611408,0.035,0.5525,10.03,40.2,40.6,40.0,40.2,,,29440.0,30054.4,0,28.8
2022-05-23 19:25:10+00:00,2022-05-23 19:25:10,8.8912,93.5,100.0,5.0,780.7,18.0,20.0,18.0,56.071046,10.1624324,-0.51530612244898,0.635204081632653,10.0994897959184,37.2,40.6,37.2,40.2,19.0,14.0,29440.0,30054.4,0,113.0
2022-05-23 19:25:15+00:00,2022-05-23 19:25:15,6.6468,93.5,100.0,0.3,781.1,18.0,20.0,18.0,56.0709398,10.1630538,-1.54336734693878,0.775510204081633,9.95408163265306,37.2,40.6,37.2,37.0,19.0,14.0,29440.0,30054.4,0,154.4
2022-05-23 19:25:20+00:00,2022-05-23 19:25:20,1.3378,93.5,100.0,0.8,781.1,18.0,20.0,18.0,56.0708914,10.163341,-0.545918367346939,0.869897959183674,10.0025510204082,37.2,40.6,37.2,37.0,,,29440.0,30054.4,0,179.2
2022-05-23 19:25:25+00:00,2022-05-23 19:25:25,4.9112,93.5,100.0,13.1,779.7,18.0,20.0,18.0,56.0709344,10.1634768,1.6825,1.3525,10.0075,37.2,40.6,37.2,37.0,,,29440.0,30054.4,0,191.4
2022-05-23 19:25:30+00:00,2022-05-23 19:25:30,10.9886,93.5,100.0,48.2,774.9,18.0,20.0,18.0,56.0712652,10.1637534,0.551020408163265,0.50765306122449,10.0076530612245,37.2,40.6,37.2,37.0,,,29440.0,30054.4,0,229.8
2022-05-23 19:25:35+00:00,2022-05-23 19:25:35,12.31225,93.5,100.0,18.5,777.8,18.0,20.0,18.0,56.07178025,10.16418075,-0.23469387755102,0.466836734693878,10.1147959183673,37.2,40.6,37.2,37.0,,,29465.6,30054.4,0,293.25
2022-05-23 19:25:40+00:00,2022-05-23 19:25:40,11.9068,93.5,100.0,10.2,779.1,18.0,20.0,18.0,56.0722408,10.1645982,-0.0637755102040816,0.573979591836735,9.99234693877551,37.2,40.6,37.2,37.0,,,29465.6,30054.4,0,350.8
2022-05-23 19:25:45+00:00,2022-05-23 19:25:45,12.533,93.5,100.0,15.7,778.3,18.0,20.0,18.0,56.072721,10.1650896,-0.0357142857142857,0.520408163265306,10.280612244898,0.0,37.2,0.0,0.0,,,29465.6,30054.4,0,411.8
2022-05-23 19:25:50+00:00,2022-05-23 19:25:50,12.21,93.5,100.0,16.6,778.1,18.0,20.0,18.0,56.0732134,10.1656062,-0.551020408163265,0.724489795918367,9.98979591836735,0.0,37.2,0.0,0.0,,,29465.6,30054.4,0,474.6
2022-05-23 19:25:55+00:00,2022-05-23 19:25:55,7.3396,93.5,100.0,0.3,780.2,18.0,20.0,18.0,56.073619,10.1660046,-1.385,-0.11,9.9725,37.4,37.2,37.2,0.0,,,29465.6,30054.4,0,525.6
2022-05-23 19:26:00+00:00,2022-05-23 19:26:00,5.9082,93.5,100.0,9.4,779.3,18.0,20.0,18.0,56.0737968,10.1663682,-0.262755102040816,2.34183673469388,10.015306122449,37.4,37.2,37.2,37.0,,,29465.6,30054.4,0,557.0
2022-05-23 19:26:05+00:00,2022-05-23 19:26:05,5.631,93.5,100.0,0.7,780.3,18.0,20.0,18.0,56.073994,10.166366,0.0280612244897959,1.22959183673469,9.97959183673469,37.4,37.2,37.2,37.0,,,29465.6,30054.4,0,584.0
2022-05-23 19:26:10+00:00,2022-05-23 19:26:10,9.0682,93.5,100.0,24.8,777.5,18.0,20.0,18.0,56.07425,10.1660782,0.897959183673469,-0.0178571428571429,10.1173469387755,37.4,37.4,37.2,37.0,,,29491.2,30054.4,0,616.6
2022-05-23 19:26:15+00:00,2022-05-23 19:26:15,12.478,93.5,100.0,25.9,776.7,18.0,20.0,18.0,56.074759,10.1657975,-0.02,0.4,9.9375,37.2,37.4,37.2,37.0,19.0,14.0,29491.2,30054.4,0,675.5
2022-05-23 19:26:20+00:00,2022-05-23 19:26:20,12.5456,93.0,100.0,6.1,779.0,18.0,20.0,18.0,56.0752808,10.165518,-0.413265306122449,0.533163265306122,10.0637755102041,37.2,37.4,37.2,37.2,19.0,14.0,29491.2,30054.4,0,735.4
2022-05-23 19:26:25+00:00,2022-05-23 19:26:25,11.4212,93.0,100.0,0.2,780.0,18.0,20.0,18.0,56.0758008,10.1652364,-0.502551020408163,0.339285714285714,10.0867346938776,37.2,37.4,37.2,37.2,19.0,14.0,29491.2,30054.4,0,794.8
2022-05-23 19:26:30+00:00,2022-05-23 19:26:30,8.0948,93.0,100.0,0.2,780.2,18.0,20.0,18.0,56.0762436,10.1650442,-0.834183673469388,0.474489795918367,10.1326530612245,37.2,37.4,37.2,37.2,19.0,14.0,29491.2,30054.4,0,846.0
2022-05-23 19:26:35+00:00,2022-05-23 19:26:35,5.3524,93.0,100.0,10.7,779.0,18.0,20.0,18.0,56.0765454,10.1649972,-1.41326530612245,0.301020408163265,9.95663265306122,37.2,37.2,37.2,37.2,19.0,14.0,29491.2,30054.4,0,881.6
2022-05-23 19:26:40+00:00,2022-05-23 19:26:40,8.0796,93.0,100.0,1.7,780.1,18.0,20.0,18.0,56.0767552,10.165043,3.27040816326531,0.25,10.0892857142857,37.2,37.2,37.2,37.2,19.0,14.0,29491.2,30054.4,0,910.8
2022-05-23 19:26:45+00:00,2022-05-23 19:26:45,17.778,93.0,100.0,233.2,751.2,18.0,20.0,18.0,56.077425,10.1652932,-1.215,0.5,9.95,37.2,37.2,37.2,37.2,19.0,14.0,29542.4,30054.4,0,988.2
2022-05-23 19:26:50+00:00,2022-05-23 19:26:50,15.1764,93.0,100.0,0.3,778.1,18.0,20.0,18.0,56.0781294,10.1655576,-0.614795918367347,0.576530612244898,9.80102040816327,37.2,37.2,37.2,37.2,19.0,14.0,29568.0,30054.4,0,1066.2
2022-05-23 19:26:55+00:00,2022-05-23 19:26:55,17.7288,93.0,100.0,0.6,778.7,18.0,20.0,18.0,56.0788314,10.1657822,1.37244897959184,1.04336734693878,10.2984693877551,37.2,37.2,37.2,37.2,19.0,14.0,29568.0,30054.4,0,1146.0
2022-05-23 19:27:00+00:00,2022-05-23 19:27:00,26.5148,93.0,100.0,232.9,749.8,18.0,20.0,18.0,56.0798464,10.1657704,0.864795918367347,0.49234693877551,9.80357142857143,37.2,37.2,37.2,37.2,19.0,14.0,29593.6,30054.4,0,1262.8
2022-05-23 19:27:05+00:00,2022-05-23 19:27:05,24.7782,92.5,100.0,0.2,774.5,18.0,20.0,18.0,56.0810468,10.1656806,-1.57142857142857,0.127551020408163,10.3979591836735,37.4,37.2,37.4,37.4,,,29644.8,30054.4,0,1395.2
2022-05-23 19:27:10+00:00,2022-05-23 19:27:10,18.6052,92.5,100.0,0.2,776.3,18.0,20.0,18.0,56.0820146,10.1657454,-0.915,0.4875,9.845,37.4,37.2,37.4,37.4,19.5,13.5,29644.8,30054.4,0,1500.4
2022-05-23 19:27:15+00:00,2022-05-23 19:27:15,13.1014,92.5,100.0,-0.3,777.1,18.0,20.0,18.0,56.0827422,10.1658214,-1.86479591836735,0.288265306122449,9.86989795918367,37.4,37.4,37.4,37.4,19.5,13.5,29644.8,30054.4,0,1579.4
2022-05-23 19:27:20+00:00,2022-05-23 19:27:20,6.1146,92.5,100.0,0.4,777.5,18.0,20.0,18.0,56.0831288,10.1659694,-0.64030612244898,-1.18367346938776,10.1581632653061,37.4,37.4,37.4,37.4,19.5,13.5,29644.8,30054.4,0,1626.6
2022-05-23 19:27:25+00:00,2022-05-23 19:27:25,4.6598,92.5,100.0,0.5,777.7,18.0,20.0,18.0,56.0832202,10.1662988,0.505102040816326,1.62755102040816,10.0,37.4,37.4,37.4,37.4,19.5,13.5,29644.8,30054.4,0,1652.4
2022-05-23 19:27:30+00:00,2022-05-23 19:27:30,5.01825,92.5,100.0,27.8,774.5,18.0,20.0,18.0,56.0834495,10.1664475,-1.30357142857143,1.29591836734694,10.1045918367347,37.4,37.4,37.4,37.4,19.5,13.5,29644.8,30054.4,0,1679.0
2022-05-23 19:27:35+00:00,2022-05-23 19:27:35,0.9614,92.5,100.0,0.7,778.0,18.0,20.0,18.0,56.0835526,10.1664242,-0.8525,0.4125,10.015,37.4,37.4,37.4,37.4,,,29644.8,30054.4,0,1696.2
2022-05-23 19:27:40+00:00,2022-05-23 19:27:40,0.633,92.5,100.0,2.8,778.0,18.0,20.0,18.0,56.083559,10.166453,0.0204081632653061,-0.119897959183673,10.0433673469388,37.4,37.4,37.4,37.4,,,29644.8,30054.4,0,1700.6
2022-05-23 19:27:45+00:00,2022-05-23 19:27:45,4.3134,92.5,100.0,7.7,777.7,18.0,20.0,18.0,56.0834972,10.1664234,0.755102040816326,0.688775510204082,10.125,37.4,37.4,37.4,37.4,,,29644.8,30054.4,0,1706.6
2022-05-23 19:27:50+00:00,2022-05-23 19:27:50,4.4802,92.5,100.0,0.8,778.3,18.0,20.0,18.0,56.083279,10.1663252,-0.803571428571429,-0.229591836734694,10.0484693877551,37.4,37.4,37.4,37.4,,,29670.4,30054.4,0,1729.4
2022-05-23 19:27:55+00:00,2022-05-23 19:27:55,4.10825,92.5,100.0,0.5,778.6,18.0,20.0,18.0,56.083206,10.1660785,-0.806122448979592,0.568877551020408,10.0,37.4,37.4,37.4,37.4,,,29670.4,30054.4,0,1748.75
2022-05-23 19:28:00+00:00,2022-05-23 19:28:00,2.3472,92.5,100.0,0.5,778.7,18.0,20.0,18.0,56.083108,10.1658834,-1.03,0.725,10.0,37.4,37.4,37.4,37.4,,,29670.4,30054.4,0,1766.8
2022-05-23 19:28:05+00:00,2022-05-23 19:28:05,5.1956,92.5,100.0,0.5,778.9,18.0,20.0,18.0,56.0830226,10.165857,2.97704081632653,0.724489795918367,10.0382653061224,37.4,37.4,37.4,37.4,,,29670.4,30054.4,0,1779.2
2022-05-23 19:28:10+00:00,2022-05-23 19:28:10,20.2442,92.5,100.0,232.0,751.1,18.0,20.0,18.0,56.0824114,10.1657758,0.525510204081633,0.576530612244898,9.83928571428571,37.4,37.4,37.4,37.4,,,29670.4,30054.4,0,1850.2
2022-05-23 19:28:15+00:00,2022-05-23 19:28:15,21.9158,92.5,100.0,0.5,776.7,18.0,20.0,18.0,56.081455,10.165685,-0.642857142857143,0.946428571428571,10.359693877551,37.4,37.4,37.4,37.4,,,29721.6,30054.4,0,1958.0
2022-05-23 19:28:20+00:00,2022-05-23 19:28:20,21.352,92.5,100.0,0.7,777.4,18.0,20.0,18.0,56.0804754,10.1657026,-0.573979591836735,0.770408163265306,9.76020408163265,37.4,37.4,37.4,37.4,19.5,13.5,29721.6,30054.4,0,2066.8
2022-05-23 19:28:25+00:00,2022-05-23 19:28:25,21.2194,92.5,100.0,0.2,777.7,18.0,20.0,18.0,56.079527,10.1658,-0.6525,0.06,10.2575,37.4,37.4,37.4,37.4,,,29721.6,30054.4,0,2173.0
2022-05-23 19:28:30+00:00,2022-05-23 19:28:30,19.7088,92.5,100.0,-0.4,778.1,18.0,20.0,18.0,56.0785984,10.1657066,-0.551020408163265,0.0280612244897959,10.1709183673469,37.8,37.4,37.4,37.4,,,29721.6,30054.4,0,2276.4
2022-05-23 19:28:35+00:00,2022-05-23 19:28:35,16.993,92.5,100.0,0.0,778.3,18.0,20.0,18.0,56.0778006,10.1654172,-0.558673469387755,0.48469387755102,9.83418367346939,37.8,37.4,37.4,37.4,,,29721.6,30054.4,0,2366.8
2022-05-23 19:28:40+00:00,2022-05-23 19:28:40,15.1578,92.5,100.0,0.1,778.4,18.0,20.0,18.0,56.0770898,10.1651484,-1.11224489795918,0.841836734693878,10.0255102040816,37.8,37.4,37.4,37.4,,,29721.6,30054.4,0,2447.4
2022-05-23 19:28:45+00:00,2022-05-23 19:28:45,10.6946666666667,92.5,100.0,0.0,778.6,18.0,20.0,18.0,56.0765883333333,10.165021,-1.16071428571429,0.892857142857143,9.99234693877551,37.8,37.4,37.4,37.4,,,29721.6,30054.4,0,2503.0
2022-05-23 19:28:50+00:00,2022-05-23 19:28:50,10.6328,92.5,100.0,8.2,777.7,18.0,20.0,18.0,56.0761002,10.1651392,0.170918367346939,0.443877551020408,10.1147959183673,37.8,37.4,37.4,37.4,,,29721.6,30054.4,0,2559.6
2022-05-23 19:28:55+00:00,2022-05-23 19:28:55,12.545,92.5,100.0,15.6,776.6,18.0,20.0,18.0,56.0755914,10.1654114,-0.26,0.48,10.02,37.8,37.4,37.4,37.4,,,29721.6,30054.4,0,2619.0
2022-05-23 19:29:00+00:00,2022-05-23 19:29:00,12.3676,92.5,100.0,1.7,778.2,18.0,20.0,18.0,56.0750522,10.1657138,-0.471938775510204,0.512755102040816,10.0025510204082,37.8,37.4,37.8,37.8,,,29721.6,30054.4,0,2681.6
2022-05-23 19:29:05+00:00,2022-05-23 19:29:05,9.6195,92.5,100.0,0.3,778.5,18.0,20.0,18.0,56.0745435,10.16599575,-1.2780612244898,0.665816326530612,9.93367346938776,37.8,37.4,37.8,37.8,,,29721.6,30054.4,0,2741.0
2022-05-23 19:29:10+00:00,2022-05-23 19:29:10,4.71,92.5,100.0,0.5,778.7,18.0,20.0,18.0,56.074237,10.166182,-2.01785714285714,0.477040816326531,10.0484693877551,37.8,37.8,37.8,37.8,,,29721.6,30054.4,0,2779.4
2022-05-23 19:29:15+00:00,2022-05-23 19:29:15,1.3385,92.5,100.0,0.9,778.7,18.0,20.0,18.0,56.074163,10.16622825,0.77,0.195,10.0475,37.8,37.8,37.8,37.8,19.5,13.5,29721.6,30054.4,0,2797.5
2022-05-23 19:29:20+00:00,2022-05-23 19:29:20,6.192,92.5,100.0,27.1,775.5,18.0,20.0,18.0,56.074026,10.1662095,0.477040816326531,0.0663265306122449,10.0127551020408,37.8,37.8,37.8,37.8,19.5,13.5,29721.6,30054.4,0,2810.0
2022-05-23 19:29:25+00:00,2022-05-23 19:29:25,8.7744,92.5,100.0,11.8,777.2,18.0,20.0,18.0,56.073672,10.1659976,0.14030612244898,0.165816326530612,10.0918367346939,37.8,37.8,37.8,37.8,19.5,13.5,29721.6,30054.4,0,2847.8
2022-05-23 19:29:30+00:00,2022-05-23 19:29:30,10.9956,92.5,100.0,12.7,776.8,18.0,20.0,18.0,56.0732724,10.1656122,-0.262755102040816,0.533163265306122,9.99489795918367,37.8,38.0,37.8,37.8,,,29721.6,30054.4,0,2897.2
2022-05-23 19:29:35+00:00,2022-05-23 19:29:35,11.179,92.5,100.0,-4.6,779.0,18.0,20.0,18.0,56.072837,10.1651508,-0.566326530612245,0.658163265306122,10.125,37.8,38.0,37.8,37.8,19.5,13.5,29747.2,30054.4,0,2954.0
2022-05-23 19:29:40+00:00,2022-05-23 19:29:40,10.394,92.5,100.0,-5.2,779.3,18.0,20.0,18.0,56.0724195,10.16471675,-0.563775510204082,0.650510204081633,10.030612244898,37.8,38.0,37.8,38.0,,,29747.2,30054.4,0,3008.25
2022-05-23 19:29:45+00:00,2022-05-23 19:29:45,10.062,92.5,100.0,-3.3,779.2,18.0,20.0,18.0,56.07196875,10.164306,-0.585,0.665,10.13,37.8,38.0,37.8,38.0,,,29747.2,30054.4,0,3065.0
2022-05-23 19:29:50+00:00,2022-05-23 19:29:50,9.9306,92.5,100.0,1.3,778.8,18.0,20.0,18.0,56.071604,10.1640028,-0.362244897959184,0.816326530612245,10.0714285714286,,,,,,,29747.2,30054.4,0,3110.0
2022-05-23 19:29:55+00:00,2022-05-23 19:29:55,8.37625,92.5,,-11.3,780.1,18.0,20.0,18.0,56.07124975,10.16373925,-1.51602564102564,0.903846153846154,9.92628205128205,,,,,,,29747.2,30054.4,0,3152.5
2022-05-23 19:30:00+00:00,2022-05-23 19:30:00,5.3682,92.5,100.0,-10.5,780.7,18.0,20.0,18.0,56.071041,10.1634668,0.119897959183673,-1.01530612244898,10.0459183673469,37.8,37.4,37.8,38.0,,,29747.2,30054.4,0,3187.8
2022-05-23 19:30:05+00:00,2022-05-23 19:30:05,8.3976,92.5,100.0,24.8,776.2,18.0,20.0,18.0,56.0711276,10.162951,0.290816326530612,0.423469387755102,9.98469387755102,37.8,37.4,38.0,38.0,,,29747.2,30054.4,0,3220.0
2022-05-23 19:30:10+00:00,2022-05-23 19:30:10,9.6064,92.5,100.0,14.6,777.0,18.0,20.0,18.0,56.071268,10.1622748,0.0475,0.5575,10.0825,37.8,37.4,38.0,37.8,19.5,14.0,29747.2,30054.4,0,3264.8
2022-05-23 19:30:15+00:00,2022-05-23 19:30:15,8.6662,92.5,100.0,9.6,777.5,18.0,20.0,18.0,56.0714114,10.1615788,-0.448979591836735,0.5,9.98724489795918,37.8,37.8,38.0,37.8,,,29747.2,30054.4,0,3311.8
2022-05-23 19:30:20+00:00,2022-05-23 19:30:20,3.7548,92.5,100.0,0.4,778.7,18.0,20.0,18.0,56.0715166,10.1610906,-1.25,0.61734693877551,9.9515306122449,37.8,37.8,38.0,37.8,,,29747.2,30054.4,0,3348.4
2022-05-23 19:30:25+00:00,2022-05-23 19:30:25,0.907,92.5,100.0,0.8,778.8,18.0,20.0,18.0,56.071549,10.1609624,-0.0331632653061225,0.668367346938776,10.0484693877551,37.8,37.8,38.0,37.8,,,29747.2,30054.4,0,3364.4
2022-05-23 19:30:30+00:00,2022-05-23 19:30:30,1.9082,92.5,100.0,4.7,778.3,18.0,20.0,18.0,56.0715486,10.1608758,0.459183673469388,0.895408163265306,10.0765306122449,37.8,37.8,38.0,37.8,,,29747.2,30054.4,0,3371.8
2022-05-23 19:30:35+00:00,2022-05-23 19:30:35,5.0616,92.5,100.0,10.1,777.6,18.0,20.0,18.0,56.0714204,10.1607542,0.4425,0.4,10.065,37.8,37.8,38.0,37.8,,,29747.2,30054.4,0,3385.0
2022-05-23 19:30:40+00:00,2022-05-23 19:30:40,6.94425,92.5,100.0,9.3,777.5,18.0,20.0,18.0,56.0711495,10.1606065,-0.237244897959184,0.405612244897959,10.0433673469388,37.8,37.8,38.0,37.8,,,29772.8,30054.4,0,3414.25
2022-05-23 19:30:45+00:00,2022-05-23 19:30:45,6.8416,92.5,100.0,0.6,778.6,18.0,20.0,18.0,56.0708522,10.1604556,-0.586734693877551,0.293367346938776,10.030612244898,37.8,37.8,38.0,37.8,,,29772.8,30054.4,0,3449.0
2022-05-23 19:30:50+00:00,2022-05-23 19:30:50,5.5404,92.5,100.0,0.5,778.7,18.0,20.0,18.0,56.0705812,10.1602816,-1.35459183673469,0.354591836734694,9.96683673469388,38.2,37.8,38.0,37.8,,,29772.8,30054.4,0,3481.6
2022-05-23 19:30:55+00:00,2022-05-23 19:30:55,2.0388,92.5,100.0,1.1,778.8,18.0,20.0,18.0,56.070431,10.1601862,-0.767857142857143,1.10714285714286,10.0255102040816,38.2,37.8,38.0,37.8,,,29772.8,30054.4,0,3503.8
2022-05-23 19:31:00+00:00,2022-05-23 19:31:00,1.101,92.5,,2.4,778.7,18.0,20.0,18.0,56.070387,10.16025025,-0.56,0.69,10.05,,,,,,,29772.8,30054.4,0,3513.5
2022-05-24 05:21:45+00:00,2022-05-24 05:21:45,0.6735,92.5,100.0,2.7,779.4,14.0,15.0,14.0,56.0703945,10.1602855,-0.479166666666667,0.583333333333333,9.89583333333333,38.2,37.8,38.0,37.8,14.0,12.5,29772.8,30054.4,0,1.0
2022-05-24 05:21:50+00:00,2022-05-24 05:21:50,1.1906,92.5,100.0,3.4,779.2,14.0,15.0,14.0,56.0703978,10.1603334,0.2275,0.735,10.07,38.2,37.8,38.0,37.8,,,29772.8,30054.4,0,3.4
2022-05-24 05:21:55+00:00,2022-05-24 05:21:55,3.082,92.5,100.0,17.8,777.0,14.0,15.0,14.0,56.0704278,10.1604056,0.864795918367347,1.13520408163265,10.0663265306122,38.2,37.8,38.0,37.8,,,29772.8,30054.4,0,11.2
2022-05-24 05:22:00+00:00,2022-05-24 05:22:00,6.1418,92.5,100.0,8.1,778.2,14.0,15.0,14.0,56.0706196,10.1605308,0.168367346938776,0.724489795918367,10.0535714285714,38.2,37.8,38.0,37.8,,,29772.8,30054.4,0,31.2
2022-05-24 05:22:05+00:00,2022-05-24 05:22:05,6.036,92.5,100.0,2.2,778.9,14.0,15.0,14.0,56.0708746,10.1606846,-0.102040816326531,0.49234693877551,10.0178571428571,38.2,37.8,38.0,37.8,,,29772.8,30054.4,0,61.8
2022-05-24 05:22:10+00:00,2022-05-24 05:22:10,6.2784,92.5,100.0,12.8,777.4,14.0,15.0,14.0,56.0711186,10.1608556,0.0561224489795918,0.645408163265306,10.0586734693878,38.2,37.8,38.0,36.4,,,29772.8,30054.4,0,92.2
2022-05-24 05:22:15+00:00,2022-05-24 05:22:15,4.81,92.5,100.0,-9.4,780.7,14.0,15.0,14.0,56.0713985,10.161067,-1.4,0.715,10.045,36.8,37.8,38.0,36.4,,,29772.8,30054.4,0,126.75
2022-05-24 05:22:20+00:00,2022-05-24 05:22:20,0.99325,92.5,100.0,5.8,778.6,14.0,15.0,14.0,56.071497,10.16115375,-0.114795918367347,0.283163265306122,10.0408163265306,36.8,37.8,38.0,36.4,,,29772.8,30054.4,0,141.25
2022-05-24 05:22:25+00:00,2022-05-24 05:22:25,5.42725,92.5,100.0,17.9,776.7,14.0,15.0,14.0,56.07165475,10.16148025,0.456632653061224,0.0841836734693878,10.109693877551,36.8,37.8,38.0,36.4,,,29772.8,30054.4,0,152.0
2022-05-24 05:22:30+00:00,2022-05-24 05:22:30,10.6664,92.5,100.0,-9.5,780.2,14.0,15.0,14.0,56.0714108,10.162081,-0.36734693877551,0.477040816326531,9.89030612244898,36.8,37.8,36.4,36.4,,,29798.4,30054.4,0,197.8
2022-05-24 05:22:35+00:00,2022-05-24 05:22:35,11.4983333333333,92.5,100.0,3.5,778.8,14.0,15.0,14.0,56.0711383333333,10.162915,-0.663265306122449,0.739795918367347,10.2015306122449,36.4,37.8,36.4,36.2,,,29798.4,30054.4,0,260.333333333333
2022-05-24 05:22:40+00:00,2022-05-24 05:22:40,11.21,92.5,100.0,-22.4,782.2,14.0,15.0,14.0,56.0709048,10.163655,-1.03,0.82,10.0075,36.4,37.8,36.4,36.2,,,29798.4,30054.4,0,313.4
2022-05-24 05:22:45+00:00,2022-05-24 05:22:45,3.5308,92.5,100.0,1.6,778.7,14.0,15.0,14.0,56.0708714,10.1638134,-1.41836734693878,0.98469387755102,10.0051020408163,36.4,37.8,36.4,36.2,,,29798.4,30054.4,0,354.4
2022-05-24 05:22:50+00:00,2022-05-24 05:22:50,0.594,92.5,100.0,19.6,776.1,14.0,15.0,14.0,56.07086025,10.16383075,0.88265306122449,1.36479591836735,10.0816326530612,36.4,37.8,36.4,36.2,15.0,12.5,29798.4,30054.4,0,370.5
2022-05-24 05:22:55+00:00,2022-05-24 05:22:55,6.0064,92.5,100.0,42.9,772.7,14.0,15.0,14.0,56.0709666,10.1638978,1.28316326530612,1.01530612244898,10.0076530612245,36.4,37.8,36.4,36.2,,,29798.4,30054.4,0,385.6
2022-05-24 05:23:00+00:00,2022-05-24 05:23:00,11.36975,92.0,100.0,-1.7,778.0,14.0,15.0,14.0,56.07133925,10.16431825,0.1425,0.555,10.015,36.4,37.8,36.4,36.2,,,29824.0,30054.4,0,434.0
2022-05-24 05:23:05+00:00,2022-05-24 05:23:05,9.1926,92.0,100.0,-26.3,782.6,14.0,15.0,14.0,56.071723,10.164777,-1.56632653061224,0.586734693877551,9.99489795918367,36.4,37.8,36.4,36.2,,,29824.0,30054.4,0,485.0
2022-05-24 05:23:10+00:00,2022-05-24 05:23:10,4.4068,92.0,100.0,21.9,775.9,14.0,15.0,14.0,56.0719898,10.1650918,0.186224489795918,-0.316326530612245,10.0178571428571,36.4,37.8,36.4,36.2,,,29824.0,30054.4,0,522.0
2022-05-24 05:23:15+00:00,2022-05-24 05:23:15,8.0356,92.0,100.0,-12.2,780.0,14.0,15.0,14.0,56.0720368,10.1654104,-0.181122448979592,0.693877551020408,10.015306122449,36.4,37.8,36.4,36.2,,,29824.0,30054.4,0,550.4
2022-05-24 05:23:20+00:00,2022-05-24 05:23:20,5.435,92.0,100.0,10.5,777.6,14.0,15.0,14.0,56.0720488,10.1658724,-0.64030612244898,-0.497448979591837,10.0051020408163,36.8,37.8,36.4,36.2,,,29824.0,30054.4,0,584.2
2022-05-24 05:23:25+00:00,2022-05-24 05:23:25,6.5018,92.0,100.0,-3.5,779.3,14.0,15.0,14.0,56.071925,10.165978,-0.315,0.1325,9.9525,36.8,37.8,36.8,36.2,,,29824.0,30054.4,0,610.0
2022-05-24 05:23:30+00:00,2022-05-24 05:23:30,6.748,92.0,100.0,0.9,778.9,14.0,15.0,14.0,56.0716604,10.1659318,-0.737244897959184,0.428571428571429,10.0714285714286,36.8,37.8,36.8,36.2,,,29824.0,30054.4,0,642.4
2022-05-24 05:23:35+00:00,2022-05-24 05:23:35,6.8014,92.0,100.0,12.6,777.1,14.0,15.0,14.0,56.071395,10.1658102,-0.10969387755102,-0.165816326530612,10.1836734693878,0.0,0.0,0.0,0.0,,,29824.0,30054.4,0,676.2
2022-05-24 05:23:40+00:00,2022-05-24 05:23:40,8.3442,92.0,100.0,2.3,778.4,14.0,15.0,14.0,56.0711024,10.165512,-0.331632653061224,0.798469387755102,10.0739795918367,36.8,0.0,0.0,0.0,16.0,12.5,29824.0,30054.4,0,713.2
2022-05-24 05:23:45+00:00,2022-05-24 05:23:45,6.6888,92.0,100.0,-10.2,780.7,14.0,15.0,14.0,56.0707886,10.165205,-1.47959183673469,0.829081632653061,10.0459183673469,36.8,0.0,0.0,0.0,16.0,12.5,29824.0,30054.4,0,753.2
2022-05-24 05:23:50+00:00,2022-05-24 05:23:50,3.3896,92.0,100.0,0.3,779.0,14.0,15.0,14.0,56.0706202,10.1650132,-0.35,-0.2025,10.0075,36.8,0.0,0.0,0.0,16.0,12.5,29824.0,30054.4,0,780.6
2022-05-24 05:23:55+00:00,2022-05-24 05:23:55,3.3694,92.0,100.0,1.8,778.9,14.0,15.0,14.0,56.0706324,10.164767,-0.714285714285714,1.33673469387755,10.0178571428571,36.8,0.0,0.0,0.0,16.0,12.5,29824.0,30054.4,0,798.6
2022-05-24 05:32:00+00:00,2022-05-24 05:32:00,4.10625,92.0,100.0,11.1,777.5,14.0,15.0,14.0,56.070484,10.16475075,0.0913461538461538,1.00961538461538,10.1394230769231,36.8,0.0,0.0,0.0,,,29824.0,30054.4,0,11.75
2022-05-24 05:32:05+00:00,2022-05-24 05:32:05,5.5628,92.0,100.0,20.7,776.2,14.0,15.0,14.0,56.0704762,10.165052,0.693877551020408,1.5969387755102,10.2142857142857,36.8,0.0,0.0,0.0,,,29824.0,30054.4,0,29.4
2022-05-24 05:32:10+00:00,2022-05-24 05:32:10,7.3836,92.0,100.0,11.1,776.9,14.0,15.0,14.0,56.0706884,10.1654866,-0.0510204081632653,0.76530612244898,9.88775510204082,36.8,0.0,0.0,0.0,15.0,12.5,29824.0,30054.4,0,61.8
2022-05-24 05:32:15+00:00,2022-05-24 05:32:15,6.6726,92.0,100.0,8.8,777.4,14.0,15.0,14.0,56.0709574,10.1658848,-0.193877551020408,0.969387755102041,10.0,36.8,0.0,0.0,36.8,,,29824.0,30054.4,0,97.4
2022-05-24 05:32:20+00:00,2022-05-24 05:32:20,6.4984,92.0,100.0,10.2,777.4,14.0,15.0,14.0,56.0712496,10.1661746,0.2,1.515,10.095,36.8,36.8,36.8,36.8,,,29824.0,30054.4,0,130.8
2022-05-24 05:32:25+00:00,2022-05-24 05:32:25,6.283,92.0,100.0,2.4,777.9,14.0,15.0,14.0,56.0716164,10.166228,-0.732142857142857,0.864795918367347,9.89540816326531,36.8,36.8,36.8,36.8,15.5,12.5,29849.6,30054.4,0,164.2
2022-05-24 05:32:30+00:00,2022-05-24 05:32:30,7.0534,92.0,100.0,28.6,774.6,14.0,15.0,14.0,56.071888,10.166056,0.971938775510204,2.25765306122449,10.0535714285714,36.8,36.8,36.8,36.8,,,29849.6,30054.4,0,195.4
2022-05-24 05:32:35+00:00,2022-05-24 05:32:35,7.6254,92.0,100.0,-27.0,781.8,14.0,15.0,14.0,56.0720558,10.1653282,-1.79081632653061,0.114795918367347,10.0,36.8,36.8,36.8,36.8,,,29849.6,30054.4,0,239.0
2022-05-24 05:32:40+00:00,2022-05-24 05:32:40,4.4714,92.0,100.0,21.7,775.7,14.0,15.0,14.0,56.0721884,10.1650352,1.24234693877551,-0.619897959183674,10.0459183673469,36.8,36.8,36.8,36.8,,,29849.6,30054.4,0,268.6
2022-05-24 05:32:45+00:00,2022-05-24 05:32:45,12.723,92.0,100.0,78.0,766.7,14.0,15.0,14.0,56.0725046,10.1653336,1.0425,0.4225,10.125,36.8,36.8,36.8,36.8,,,29875.2,30054.4,0,311.0
2022-05-24 05:32:50+00:00,2022-05-24 05:32:50,12.589,92.0,100.0,-8.0,778.4,14.0,15.0,14.0,56.07302,10.1658788,-0.831632653061224,0.76530612244898,10.0255102040816,36.8,37.0,36.8,37.0,,,29875.2,30054.4,0,378.2
2022-05-24 05:32:55+00:00,2022-05-24 05:32:55,8.0302,92.0,100.0,-19.2,780.6,14.0,15.0,14.0,56.0734488,10.166295,-1.49234693877551,0.663265306122449,9.98724489795918,36.8,37.0,36.8,37.0,,,29875.2,30054.4,0,431.2
2022-05-24 05:33:00+00:00,2022-05-24 05:33:00,5.1312,92.0,100.0,11.1,776.8,14.0,15.0,14.0,56.0736586,10.1665624,-0.0535714285714286,0.563775510204082,10.0051020408163,36.8,37.0,36.8,37.0,,,29875.2,30054.4,0,464.2
2022-05-24 05:33:05+00:00,2022-05-24 05:33:05,7.2228,92.0,100.0,10.2,776.7,14.0,15.0,14.0,56.0738536,10.166825,0.352040816326531,1.29336734693878,9.99489795918367,36.8,37.0,36.8,37.0,,,29875.2,30054.4,0,492.6
2022-05-24 05:33:10+00:00,2022-05-24 05:33:10,11.9172,92.0,100.0,58.6,769.5,14.0,15.0,14.0,56.0742502,10.1670644,1.05612244897959,0.775510204081633,10.2142857142857,36.4,37.0,36.8,36.8,,,29900.8,30054.4,0,537.4
2022-05-24 05:33:15+00:00,2022-05-24 05:33:15,15.1514,92.0,100.0,33.5,772.1,14.0,15.0,14.0,56.0748434,10.1675424,-0.33,0.415,10.1525,36.4,36.4,36.8,36.8,,,29926.4,30054.4,0,609.2
2022-05-24 05:33:20+00:00,2022-05-24 05:33:20,14.0392,92.0,100.0,24.9,773.7,14.0,15.0,14.0,56.0754124,10.1681488,-0.36734693877551,0.548469387755102,10.1785714285714,36.4,36.4,36.8,36.8,16.0,12.5,29926.4,30054.4,0,682.4
2022-05-24 05:33:25+00:00,2022-05-24 05:33:25,12.9578,92.0,100.0,3.7,776.8,14.0,15.0,14.0,56.075906,10.168761,-0.252551020408163,0.971938775510204,9.95918367346939,36.4,36.4,36.8,36.8,16.0,12.5,29926.4,30054.4,0,750.0
2022-05-24 05:33:30+00:00,2022-05-24 05:33:30,14.3092,92.0,100.0,3.2,776.7,14.0,15.0,14.0,56.07646,10.1692774,-0.357142857142857,0.665816326530612,9.92857142857143,36.4,36.4,37.0,36.8,16.5,12.5,29926.4,30054.4,0,818.4
2022-05-24 05:33:35+00:00,2022-05-24 05:33:35,15.3178,92.0,100.0,4.1,776.7,14.0,15.0,14.0,56.077044,10.1698214,-0.2775,0.3175,9.91,36.8,36.4,37.0,36.8,16.5,12.5,29926.4,30054.4,0,892.6
2022-05-24 05:33:40+00:00,2022-05-24 05:33:40,18.237,92.0,100.0,14.3,775.0,14.0,15.0,14.0,56.0776898,10.1705774,-0.331632653061224,-0.0280612244897959,9.90051020408163,36.8,37.0,37.0,36.8,16.5,12.5,29926.4,30054.4,0,976.8
2022-05-24 05:33:45+00:00,2022-05-24 05:33:45,19.43875,92.0,100.0,4.6,776.5,14.0,15.0,14.0,56.078373,10.17166925,-0.334183673469388,0.693877551020408,10.2372448979592,36.8,37.0,37.0,36.8,16.5,12.5,29926.4,30054.4,0,1078.25
2022-05-24 05:33:50+00:00,2022-05-24 05:33:50,18.91675,92.0,100.0,24.5,773.5,14.0,15.0,14.0,56.07899175,10.1727455,-0.211734693877551,0.75765306122449,10.2219387755102,36.8,37.0,36.8,36.8,16.5,12.5,29952.0,30054.4,0,1174.25
2022-05-24 05:33:55+00:00,2022-05-24 05:33:55,18.06375,92.0,100.0,21.6,774.0,14.0,15.0,14.0,56.0795545,10.17373775,-0.298469387755102,0.663265306122449,10.1326530612245,36.8,37.0,36.8,36.8,17.0,12.5,29952.0,30054.4,0,1262.0
2022-05-24 05:34:00+00:00,2022-05-24 05:34:00,15.7926,92.0,100.0,-15.7,779.3,14.0,15.0,14.0,56.0801074,10.1747132,-0.614795918367347,0.721938775510204,9.9234693877551,36.8,36.4,36.8,36.8,17.0,12.5,29952.0,30054.4,0,1346.6
2022-05-24 05:34:05+00:00,2022-05-24 05:34:05,15.5915,92.0,100.0,27.8,773.1,14.0,15.0,14.0,56.08060625,10.1755765,-0.1075,0.82,9.89,36.8,36.4,36.8,36.8,,,29952.0,30054.4,0,1424.0
2022-05-24 05:34:10+00:00,2022-05-24 05:34:10,16.2826,92.0,100.0,9.3,775.8,14.0,15.0,14.0,56.081125,10.1764742,-0.364795918367347,0.63265306122449,10.0433673469388,36.8,36.4,37.0,37.0,17.0,12.5,29952.0,30054.4,0,1504.2
2022-05-24 05:34:15+00:00,2022-05-24 05:34:15,17.2262,92.0,100.0,-4.7,777.7,14.0,15.0,14.0,56.0816126,10.1775126,-0.698979591836735,0.387755102040816,10.109693877551,36.8,36.4,37.0,37.0,17.0,12.5,29977.6,30054.4,0,1588.6
2022-05-24 05:34:20+00:00,2022-05-24 05:34:20,18.072,92.0,100.0,-7.7,778.5,14.0,15.0,14.0,56.0820124,10.1787196,-0.752551020408163,0.400510204081633,10.1785714285714,36.8,37.0,37.0,37.0,,,29977.6,30054.4,0,1677.2
2022-05-24 05:34:25+00:00,2022-05-24 05:34:25,19.5408,92.0,100.0,18.6,774.9,14.0,15.0,14.0,56.0824222,10.180016,-0.290816326530612,0.64030612244898,10.3112244897959,36.8,37.0,37.0,37.0,,,29977.6,30054.4,0,1771.2
2022-05-24 05:34:30+00:00,2022-05-24 05:34:30,19.686,91.5,100.0,-3.6,777.8,14.0,15.0,14.0,56.0829192,10.1813382,-0.349489795918367,0.698979591836735,10.2244897959184,36.8,37.0,37.0,37.0,17.0,12.5,29977.6,30054.4,0,1870.2
2022-05-24 05:34:35+00:00,2022-05-24 05:34:35,18.0508,91.5,100.0,15.0,775.0,14.0,15.0,14.0,56.083477,10.1824982,-0.2725,0.6725,10.155,37.0,37.0,37.0,37.0,17.0,12.5,29977.6,30054.4,0,1964.6
2022-05-24 05:34:40+00:00,2022-05-24 05:34:40,15.0024,91.5,100.0,9.7,775.8,14.0,15.0,14.0,56.0840122,10.1834116,-0.119897959183673,0.594387755102041,9.99744897959184,37.0,37.0,37.0,37.0,17.0,12.5,29977.6,30054.4,0,2045.8
2022-05-24 05:34:45+00:00,2022-05-24 05:34:45,14.2784,91.5,100.0,24.0,773.5,14.0,15.0,14.0,56.0845124,10.1841612,0.176020408163265,0.433673469387755,9.95663265306122,37.0,37.0,37.0,37.0,,,30003.2,30054.4,0,2118.2
2022-05-24 05:34:50+00:00,2022-05-24 05:34:50,16.198,91.5,100.0,46.0,770.0,14.0,15.0,14.0,56.0850352,10.1849324,0.459183673469388,0.653061224489796,9.88265306122449,37.0,37.0,37.0,37.0,17.5,12.5,30003.2,30054.4,0,2194.6
2022-05-24 05:35:00+00:00,2022-05-24 05:35:00,17.67,91.5,100.0,4.3,775.4,14.0,15.0,14.0,56.0862954,10.1867606,-0.607142857142857,0.701530612244898,10.0025510204082,37.2,37.0,37.0,37.2,,,30028.8,30054.4,0,2375.4
2022-05-24 05:35:05+00:00,2022-05-24 05:35:05,16.0312,91.5,100.0,3.1,776.0,14.0,15.0,14.0,56.0868844,10.187615,-0.35969387755102,0.729591836734694,10.1326530612245,37.2,37.0,37.0,37.2,17.5,12.5,30028.8,30054.4,0,2458.6
2022-05-24 05:35:10+00:00,2022-05-24 05:35:10,15.9416,91.5,100.0,34.1,771.3,14.0,15.0,14.0,56.08744,10.1884286,-0.183673469387755,0.688775510204082,10.0280612244898,37.2,37.0,37.0,37.2,,,30028.8,30054.4,0,2537.8
2022-05-24 05:35:15+00:00,2022-05-24 05:35:15,14.1912,91.5,100.0,6.5,775.4,14.0,15.0,14.0,56.087968,10.1892,-0.227040816326531,0.775510204081633,10.0765306122449,37.2,37.0,37.0,37.2,17.5,12.5,30028.8,30054.4,0,2612.8
2022-05-24 05:35:20+00:00,2022-05-24 05:35:20,15.0345,91.5,100.0,45.5,769.7,14.0,15.0,14.0,56.088504,10.18997475,0.1,0.6925,9.9275,37.2,37.0,37.0,37.2,17.5,12.5,30054.4,30054.4,0,2689.25
2022-05-24 05:35:25+00:00,2022-05-24 05:35:25,13.8322,91.5,100.0,2.4,775.7,14.0,15.0,14.0,56.0889874,10.1906888,-0.415816326530612,0.622448979591837,10.0433673469388,37.2,37.0,37.0,37.2,17.5,12.5,30054.4,30054.4,0,2758.4
2022-05-24 05:35:30+00:00,2022-05-24 05:35:30,12.3032,91.5,100.0,8.7,775.0,14.0,15.0,14.0,56.0894048,10.1914282,-0.260204081632653,0.227040816326531,10.0229591836735,37.2,37.0,37.0,37.2,17.5,12.5,30054.4,30054.4,0,2823.4
2022-05-24 05:35:35+00:00,2022-05-24 05:35:35,11.8458,91.5,100.0,3.6,775.7,14.0,15.0,14.0,56.0896876,10.1922498,-0.086734693877551,0.497448979591837,10.0408163265306,37.2,37.0,37.4,37.2,17.5,12.5,30054.4,30054.4,0,2883.6
2022-05-24 05:35:40+00:00,2022-05-24 05:35:40,12.97625,91.5,100.0,36.2,771.2,14.0,15.0,14.0,56.08985025,10.19312375,0.369897959183673,0.410714285714286,9.88775510204082,37.2,37.0,37.4,37.2,17.5,12.5,30054.4,30054.4,0,2942.0
2022-05-24 05:35:45+00:00,2022-05-24 05:35:45,15.5626,91.5,100.0,3.9,774.8,14.0,15.0,14.0,56.0899782,10.1943148,-0.14,0.645,10.08,37.2,37.0,37.4,37.2,,,30080.0,30054.4,0,3018.6
2022-05-24 05:35:50+00:00,2022-05-24 05:35:50,15.86325,91.5,100.0,16.3,773.5,14.0,15.0,14.0,56.090228,10.1955485,-0.147959183673469,0.910714285714286,10.1301020408163,37.2,37.0,37.4,37.2,18.0,12.5,30080.0,30054.4,0,3101.0
2022-05-24 05:35:55+00:00,2022-05-24 05:35:55,16.3754,91.5,100.0,22.7,772.6,14.0,15.0,14.0,56.0905934,10.1965922,-0.0076530612244898,0.829081632653061,10.0535714285714,37.2,37.0,37.4,37.4,18.0,12.5,30080.0,30054.4,0,3177.2
2022-05-24 05:36:00+00:00,2022-05-24 05:36:00,17.2724,91.5,100.0,31.7,771.0,14.0,15.0,14.0,56.0910136,10.197726,-0.0586734693877551,0.150510204081633,10.0459183673469,37.4,37.0,37.4,37.4,18.0,12.5,30105.6,30054.4,0,3261.6
2022-05-24 05:36:05+00:00,2022-05-24 05:36:05,16.2292,91.5,100.0,8.0,774.4,14.0,15.0,14.0,56.0913446,10.198943,-0.295918367346939,0.354591836734694,9.96173469387755,37.4,37.0,37.4,37.4,18.0,12.5,30105.6,30054.4,0,3345.8
2022-05-24 05:36:10+00:00,2022-05-24 05:36:10,16.5734,91.5,100.0,38.3,770.1,14.0,15.0,14.0,56.0915864,10.2001582,0.2325,0.7775,10.1075,37.4,37.0,37.4,37.4,18.0,12.5,30105.6,30054.4,0,3426.8
2022-05-24 05:36:15+00:00,2022-05-24 05:36:15,17.8394,91.5,100.0,13.0,772.9,14.0,15.0,14.0,56.091864,10.2014578,-0.125,0.775510204081633,10.0790816326531,37.4,37.0,37.2,37.4,18.0,12.5,30131.2,30054.4,0,3514.2
2022-05-24 05:36:20+00:00,2022-05-24 05:36:20,18.198,91.0,100.0,32.5,770.5,14.0,15.0,14.0,56.09217625,10.2027115,0.0739795918367347,0.630102040816326,10.140306122449,37.2,37.0,37.2,37.4,18.0,12.5,30131.2,30054.4,0,3600.25
2022-05-24 05:36:25+00:00,2022-05-24 05:36:25,18.5384,91.0,100.0,33.0,770.1,14.0,15.0,14.0,56.0925182,10.2041416,0.00255102040816327,0.558673469387755,10.2423469387755,37.2,37.2,37.2,37.4,,,30131.2,30054.4,0,3697.2
2022-05-24 05:36:30+00:00,2022-05-24 05:36:30,17.57825,91.0,100.0,19.1,772.1,14.0,15.0,14.0,56.09279675,10.205359,-0.193877551020408,0.724489795918367,10.0586734693878,37.2,37.2,37.2,37.4,,,30156.8,30054.4,0,3778.25
2022-05-24 05:36:35+00:00,2022-05-24 05:36:35,17.1556,91.0,100.0,24.0,771.3,14.0,15.0,14.0,56.0931372,10.2067636,-0.3225,0.425,10.1725,37.2,37.2,37.4,37.4,,,30156.8,30054.4,0,3873.4
2022-05-24 05:36:40+00:00,2022-05-24 05:36:40,14.0756,91.0,100.0,-13.2,776.8,14.0,15.0,14.0,56.0933732,10.2079698,-1.06377551020408,0.0076530612244898,10.0510204081633,37.2,37.2,37.4,37.4,18.5,12.5,30156.8,30054.4,0,3951.4
2022-05-24 05:36:45+00:00,2022-05-24 05:36:45,6.0696,91.0,100.0,-30.7,780.6,14.0,15.0,14.0,56.0934168,10.2088016,-1.91326530612245,0.660714285714286,9.97704081632653,37.2,37.2,37.4,37.4,18.5,12.5,30156.8,30080.0,0,4004.6
2022-05-24 05:36:50+00:00,2022-05-24 05:36:50,4.5262,91.0,100.0,12.3,774.3,14.0,15.0,14.0,56.093411,10.209126,0.686224489795918,0.798469387755102,10.1020408163265,37.2,37.2,37.4,37.4,18.5,12.5,30156.8,30080.0,0,4031.4
2022-05-24 05:36:55+00:00,2022-05-24 05:36:55,7.9614,91.0,100.0,34.4,771.2,14.0,15.0,14.0,56.0935076,10.2094826,1.14285714285714,2.72704081632653,10.0280612244898,37.2,37.2,37.4,37.4,18.5,12.5,30156.8,30080.0,0,4059.4
2022-05-24 05:37:00+00:00,2022-05-24 05:37:00,14.7626,91.0,100.0,72.9,764.8,14.0,15.0,14.0,56.0940144,10.2095598,1.1775,0.505,10.06,37.2,37.2,37.4,37.4,18.5,12.5,30182.4,30080.0,0,4116.4
2022-05-24 05:37:05+00:00,2022-05-24 05:37:05,17.4826,91.0,100.0,-2.7,774.3,14.0,15.0,14.0,56.0947818,10.209603,-0.318877551020408,0.688775510204082,9.96938775510204,37.4,37.4,37.4,37.4,18.5,12.5,30208.0,30080.0,0,4201.2
2022-05-24 05:37:10+00:00,2022-05-24 05:37:10,16.963,91.0,100.0,12.1,772.9,14.0,15.0,14.0,56.095563,10.2096458,-0.326530612244898,0.637755102040816,10.0561224489796,37.4,37.4,37.4,37.4,,,30208.0,30080.0,0,4287.0
2022-05-24 05:37:15+00:00,2022-05-24 05:37:15,17.5534,91.0,100.0,33.4,769.8,14.0,15.0,14.0,56.0963336,10.20968,0.0739795918367347,0.635204081632653,10.1147959183673,37.4,37.4,37.4,37.4,18.5,12.5,30208.0,30080.0,0,4372.8
2022-05-24 05:37:20+00:00,2022-05-24 05:37:20,17.4132,91.0,100.0,27.1,770.6,14.0,15.0,14.0,56.0971308,10.2097004,-0.2975,0.8325,10.06,37.4,37.4,37.4,37.4,19.0,12.5,30208.0,30080.0,0,4461.0
2022-05-24 05:37:25+00:00,2022-05-24 05:37:25,13.9646666666667,91.0,100.0,-15.8,777.0,14.0,15.0,14.0,56.097881,10.2096456666667,-0.522959183673469,1.04336734693878,10.0841836734694,37.4,37.2,37.4,37.8,,,30208.0,30080.0,0,4543.33333333333
2022-05-24 05:37:30+00:00,2022-05-24 05:37:30,12.5834,91.0,100.0,0.7,774.8,14.0,15.0,14.0,56.098428,10.2095022,-0.0663265306122449,0.979591836734694,10.0612244897959,37.4,37.2,37.4,37.8,19.0,12.5,30233.6,30080.0,0,4604.6
2022-05-24 05:37:35+00:00,2022-05-24 05:37:35,13.513,91.0,100.0,35.2,770.0,14.0,15.0,14.0,56.0990135,10.2092545,0.329081632653061,0.688775510204082,10.1224489795918,37.4,37.2,37.4,37.8,19.0,12.5,30233.6,30080.0,0,4672.25
2022-05-24 05:37:40+00:00,2022-05-24 05:37:40,13.0226,91.0,100.0,-6.7,775.2,14.0,15.0,14.0,56.0995734,10.2089996,-0.602040816326531,0.709183673469388,10.0433673469388,37.4,37.2,37.2,37.8,19.0,12.5,30233.6,30080.0,0,4737.0
2022-05-24 05:37:45+00:00,2022-05-24 05:37:45,10.4736,91.0,100.0,3.3,774.6,14.0,15.0,14.0,56.1000746,10.2087736,-0.318877551020408,0.650510204081633,10.0790816326531,37.4,37.2,37.2,37.4,19.0,12.5,30233.6,30080.0,0,4794.0
2022-05-24 05:37:50+00:00,2022-05-24 05:37:50,10.68025,91.0,100.0,-3.1,775.2,14.0,15.0,14.0,56.10055175,10.2085515,-0.2075,0.68,10.0225,37.4,37.2,37.2,37.4,19.0,12.5,30233.6,30080.0,0,4849.5
2022-05-24 05:37:55+00:00,2022-05-24 05:37:55,10.329,91.0,100.0,12.8,773.1,14.0,15.0,14.0,56.1009872,10.208352,-0.716836734693878,0.73469387755102,9.97704081632653,37.4,37.2,37.2,37.4,19.0,12.5,30233.6,30080.0,0,4899.6
2022-05-24 05:38:00+00:00,2022-05-24 05:38:00,4.7254,91.0,100.0,-20.5,778.5,14.0,15.0,14.0,56.101337,10.2081966,-1.93622448979592,0.73469387755102,9.98979591836735,37.4,37.2,37.8,37.4,19.0,12.5,30233.6,30080.0,0,4942.6
2022-05-24 05:38:05+00:00,2022-05-24 05:38:05,0.9254,91.0,100.0,2.6,775.4,14.0,15.0,14.0,56.1014352,10.2081548,-0.714285714285714,0.653061224489796,10.0331632653061,37.4,37.2,37.8,37.4,19.0,12.5,30233.6,30080.0,0,4961.6
2022-05-24 05:38:10+00:00,2022-05-24 05:38:10,0.0506,91.0,100.0,1.1,775.6,14.0,15.0,14.0,56.1014524,10.208148,-0.540816326530612,0.625,10.030612244898,37.4,37.2,37.8,37.4,19.0,12.5,30233.6,30080.0,0,4967.2
2022-05-24 05:38:15+00:00,2022-05-24 05:38:15,0.002,91.0,100.0,1.2,775.7,14.0,15.0,14.0,56.101451,10.20814675,-0.4925,0.625,10.0275,37.4,37.2,37.8,37.4,19.0,12.5,30233.6,30080.0,0,4968.75
2022-05-24 05:38:20+00:00,2022-05-24 05:38:20,0.001,91.0,100.0,1.1,775.7,14.0,15.0,14.0,56.101449,10.2081446,-0.489795918367347,0.625,10.0204081632653,37.4,37.2,37.8,37.4,19.0,12.5,30233.6,30080.0,0,4969.0
2022-05-24 05:38:25+00:00,2022-05-24 05:38:25,0.0006,91.0,100.0,1.2,775.8,14.0,15.0,14.0,56.1014466,10.2081416,-0.489795918367347,0.627551020408163,10.0331632653061,37.4,37.2,37.8,37.4,19.0,12.5,30233.6,30080.0,0,4969.6
2022-05-24 05:38:30+00:00,2022-05-24 05:38:30,0.0004,91.0,100.0,1.1,775.8,14.0,15.0,14.0,56.1014448,10.20814,-0.477040816326531,0.627551020408163,10.0255102040816,37.4,37.2,37.8,37.4,,,30259.2,30080.0,0,4970.0
2022-05-24 05:38:35+00:00,2022-05-24 05:38:35,0.00075,91.0,100.0,1.2,775.8,14.0,15.0,14.0,56.10144375,10.20813825,-0.466836734693878,0.625,10.0255102040816,37.4,37.2,37.8,37.4,19.0,12.5,30259.2,30080.0,0,4970.5
2022-05-24 05:38:40+00:00,2022-05-24 05:38:40,0.0004,91.0,100.0,1.2,775.9,14.0,15.0,14.0,56.101443,10.2081384,-0.4775,0.6275,10.03,37.4,37.2,37.8,37.4,19.5,12.5,30259.2,30080.0,0,4971.0
2022-05-24 05:38:45+00:00,2022-05-24 05:38:45,0.001,91.0,100.0,1.2,775.9,14.0,15.0,14.0,56.1014444,10.2081398,-0.479591836734694,0.625,10.0255102040816,37.4,37.2,37.8,37.4,19.5,12.5,30259.2,30080.0,0,4971.0
2022-05-24 05:38:50+00:00,2022-05-24 05:38:50,0.0016,91.0,100.0,0.5,776.0,14.0,15.0,14.0,56.1014452,10.2081414,-0.479591836734694,0.625,10.030612244898,37.4,37.2,37.8,37.4,,,30259.2,30080.0,0,4971.2
2022-05-24 05:38:55+00:00,2022-05-24 05:38:55,3.1884,91.0,100.0,13.7,774.3,14.0,15.0,14.0,56.1014936,10.2081226,0.772959183673469,0.586734693877551,10.0586734693878,37.4,37.2,37.8,37.4,19.5,12.5,30259.2,30080.0,0,4974.8
2022-05-24 05:39:00+00:00,2022-05-24 05:39:00,7.5288,91.0,100.0,20.3,773.0,14.0,15.0,14.0,56.101739,10.2080112,0.0535714285714286,0.693877551020408,10.0535714285714,37.4,37.2,37.8,37.4,19.5,12.5,30259.2,30080.0,0,4997.6
2022-05-24 05:39:05+00:00,2022-05-24 05:39:05,8.55975,91.0,100.0,-2.2,776.2,14.0,15.0,14.0,56.10207875,10.20784875,-0.4125,0.82,10.0225,37.4,37.2,37.8,37.4,19.5,12.5,30259.2,30080.0,0,5035.0
2022-05-24 05:39:10+00:00,2022-05-24 05:39:10,10.154,91.0,100.0,0.0,775.8,14.0,15.0,14.0,56.1024936,10.2076104,-0.321428571428571,0.553571428571429,9.94132653061224,37.4,37.2,37.8,37.4,19.5,12.5,30259.2,30080.0,0,5084.2
2022-05-24 05:39:15+00:00,2022-05-24 05:39:15,10.8178,91.0,100.0,-9.7,777.2,14.0,15.0,14.0,56.1029526,10.2073796,-0.834183673469388,0.60969387755102,9.9515306122449,37.4,37.2,37.8,37.4,19.5,12.5,30259.2,30080.0,0,5138.0
2022-05-24 05:39:20+00:00,2022-05-24 05:39:20,10.3028,91.0,100.0,-4.3,776.9,14.0,15.0,14.0,56.1034118,10.207188,-0.872448979591837,0.464285714285714,9.98469387755102,37.4,37.2,37.8,37.4,19.0,12.5,30259.2,30105.6,0,5191.0
2022-05-24 05:39:25+00:00,2022-05-24 05:39:25,10.7485,91.0,100.0,3.5,775.9,14.0,15.0,14.0,56.10384775,10.2070645,-0.540816326530612,0.408163265306122,9.98724489795918,37.4,37.2,37.8,37.4,19.0,12.5,30259.2,30105.6,0,5240.75
2022-05-24 05:39:30+00:00,2022-05-24 05:39:30,11.886,91.0,100.0,-9.4,777.6,14.0,15.0,14.0,56.10435775,10.20700775,-0.67,0.385,9.9975,37.4,37.2,37.4,37.4,19.0,12.5,30259.2,30105.6,0,5298.0
2022-05-24 05:39:35+00:00,2022-05-24 05:39:35,11.9348,91.0,100.0,-14.0,778.4,14.0,15.0,14.0,56.1049294,10.2070542,-1.07142857142857,0.39030612244898,10.0229591836735,37.4,37.2,37.4,37.4,,,30259.2,30105.6,0,5360.8
2022-05-24 05:39:40+00:00,2022-05-24 05:39:40,10.6444,91.0,100.0,-12.3,778.6,14.0,15.0,14.0,56.1054302,10.207174,-0.964285714285714,0.591836734693878,9.9515306122449,37.4,37.2,37.4,37.4,,,30259.2,30105.6,0,5416.6
2022-05-24 05:39:45+00:00,2022-05-24 05:39:45,8.7138,91.0,100.0,-21.3,780.0,14.0,15.0,14.0,56.105872,10.2073042,-1.58673469387755,0.60969387755102,9.97704081632653,37.4,37.2,37.4,37.4,18.5,12.5,30259.2,30105.6,0,5466.4
2022-05-24 05:39:50+00:00,2022-05-24 05:39:50,5.2044,91.0,100.0,-8.0,778.5,14.0,15.0,14.0,56.1061716,10.207399,-0.989795918367347,0.558673469387755,10.0790816326531,37.4,37.2,37.4,37.4,18.5,12.5,30259.2,30105.6,0,5502.8
2022-05-24 05:40:00+00:00,2022-05-24 05:40:00,1.0364,91.0,100.0,-1.3,777.4,14.0,15.0,14.0,56.1064914,10.2075014,-1.11224489795918,0.721938775510204,10.030612244898,37.4,37.2,37.2,37.4,18.0,12.5,30259.2,30105.6,0,5545.6
2022-05-24 05:40:05+00:00,2022-05-24 05:40:05,1.3,91.0,100.0,2.1,776.8,14.0,15.0,14.0,56.106518,10.20750875,0.142857142857143,0.683673469387755,10.0382653061224,37.4,37.2,37.2,37.4,18.0,12.5,30259.2,30105.6,0,5551.5
2022-05-24 05:40:10+00:00,2022-05-24 05:40:10,6.5496,91.0,100.0,20.0,774.0,14.0,15.0,14.0,56.1066798,10.2075606,0.579081632653061,0.696428571428571,10.030612244898,37.4,37.2,37.2,37.4,18.0,12.5,30259.2,30105.6,0,5565.0
2022-05-24 05:40:15+00:00,2022-05-24 05:40:15,10.9612,91.0,100.0,27.4,772.5,14.0,15.0,14.0,56.1070766,10.2076936,0.10969387755102,0.727040816326531,9.99234693877551,37.4,37.2,37.2,37.4,18.0,12.5,30259.2,30105.6,0,5607.0
2022-05-24 05:40:20+00:00,2022-05-24 05:40:20,12.0992,91.0,100.0,9.8,775.1,14.0,15.0,14.0,56.1076016,10.2078582,-0.19,0.8725,10.0775,37.4,37.2,37.4,37.4,,,30284.8,30105.6,0,5666.6
2022-05-24 05:40:25+00:00,2022-05-24 05:40:25,13.0646,91.0,100.0,16.0,773.9,14.0,15.0,14.0,56.1081722,10.2080124,-0.428571428571429,0.716836734693878,10.0382653061224,37.4,37.4,37.4,37.8,18.0,12.5,30284.8,30105.6,0,5731.6
2022-05-24 05:40:30+00:00,2022-05-24 05:40:30,12.3698,91.0,100.0,4.7,775.7,14.0,15.0,14.0,56.1087376,10.2081772,-0.426020408163265,0.635204081632653,10.0331632653061,37.4,37.4,37.4,37.8,18.0,12.5,30284.8,30105.6,0,5795.4
2022-05-24 05:40:35+00:00,2022-05-24 05:40:35,10.8668,91.0,100.0,-11.0,778.0,14.0,15.0,14.0,56.1092608,10.208352,-0.900510204081633,0.780612244897959,10.0357142857143,37.4,37.4,37.4,37.8,18.0,12.5,30284.8,30105.6,0,5854.2
2022-05-24 05:40:40+00:00,2022-05-24 05:40:40,7.1418,91.0,100.0,-14.5,778.8,14.0,15.0,14.0,56.109672,10.2084866,-1.67602040816327,0.780612244897959,10.0331632653061,37.4,37.4,37.4,37.8,18.0,12.5,30284.8,30131.2,0,5901.2
2022-05-24 05:40:45+00:00,2022-05-24 05:40:45,0.8476,91.0,100.0,0.8,776.9,14.0,15.0,14.0,56.109841,10.2085332,-1.0075,0.7775,10.0,37.4,37.4,37.4,37.4,18.0,12.5,30284.8,30131.2,0,5926.6
2022-05-24 05:40:50+00:00,2022-05-24 05:40:50,0.089,91.0,100.0,1.4,776.7,14.0,15.0,14.0,56.1098614,10.208528,-0.428571428571429,0.75,10.0229591836735,37.4,37.4,37.4,37.4,,,30284.8,30131.2,0,5933.2
2022-05-24 05:40:55+00:00,2022-05-24 05:40:55,1.457,91.0,100.0,10.6,775.4,14.0,15.0,14.0,56.1098862,10.208529,1.02040816326531,0.676020408163265,10.0994897959184,37.4,37.4,37.4,37.4,,,30284.8,30131.2,0,5936.0
2022-05-24 05:41:00+00:00,2022-05-24 05:41:00,8.9646,91.0,100.0,35.4,771.4,14.0,15.0,14.0,56.110126,10.2086046,0.772959183673469,0.614795918367347,10.0076530612245,37.4,37.4,37.4,37.4,,,30284.8,30131.2,0,5957.2
2022-05-24 05:41:05+00:00,2022-05-24 05:41:05,13.2386,91.0,100.0,26.4,772.1,14.0,15.0,14.0,56.1106446,10.2087594,-0.0408163265306122,0.686224489795918,10.0127551020408,37.4,37.4,37.4,37.4,,,30310.4,30131.2,0,6015.8
2022-05-24 05:41:10+00:00,2022-05-24 05:41:10,12.3884,91.0,100.0,-14.6,778.1,14.0,15.0,14.0,56.1112448,10.2089422,-1.88010204081633,0.739795918367347,9.92602040816327,37.4,37.4,37.4,37.4,,,30310.4,30131.2,0,6084.4
2022-05-24 05:41:15+00:00,2022-05-24 05:41:15,4.44025,91.0,100.0,-3.1,777.4,14.0,15.0,14.0,56.11159675,10.2090515,-1.5175,0.625,9.9575,,,,,,,30310.4,30131.2,0,6129.5
2022-05-24 05:41:20+00:00,2022-05-24 05:41:20,6.7832,91.0,100.0,19.3,773.9,14.0,15.0,14.0,56.1118206,10.20912,-0.0510204081632653,0.487244897959184,10.0127551020408,37.4,37.4,37.4,37.4,18.0,12.5,30310.4,30131.2,0,6158.8
2022-05-24 05:41:25+00:00,2022-05-24 05:41:25,7.347,91.0,100.0,-3.6,777.1,14.0,15.0,14.0,56.1121596,10.209185,-0.89030612244898,0.533163265306122,10.0408163265306,37.4,37.4,37.4,37.4,,,30310.4,30131.2,0,6192.8
2022-05-24 05:41:30+00:00,2022-05-24 05:41:30,6.3802,91.0,100.0,-6.1,777.6,14.0,15.0,14.0,56.1124846,10.2091606,-1.08163265306122,0.377551020408163,10.0280612244898,37.4,37.4,37.4,37.4,,,30310.4,30131.2,0,6226.4
2022-05-24 05:41:35+00:00,2022-05-24 05:41:35,4.893,91.0,100.0,-4.0,777.5,14.0,15.0,14.0,56.1127354,10.20912,-0.948979591836735,0.392857142857143,10.0229591836735,37.4,37.4,37.4,37.4,,,30310.4,30131.2,0,6255.6
2022-05-24 05:41:40+00:00,2022-05-24 05:41:40,4.874,91.0,100.0,-1.6,777.1,14.0,15.0,14.0,56.11295025,10.209056,-0.63,0.37,10.0225,37.4,37.4,37.4,37.4,,,30310.4,30131.2,0,6282.0
2022-05-24 05:41:45+00:00,2022-05-24 05:41:45,6.4308,91.0,100.0,4.3,776.2,14.0,15.0,14.0,56.1131926,10.2089498,-0.326530612244898,0.349489795918367,10.0459183673469,37.4,37.4,37.4,37.4,,,30310.4,30131.2,0,6310.2
2022-05-24 05:41:50+00:00,2022-05-24 05:41:50,5.563,91.0,100.0,-13.9,778.9,14.0,15.0,14.0,56.1134746,10.2087924,-1.44642857142857,0.482142857142857,9.98724489795918,37.4,37.4,37.4,37.4,18.0,12.5,30310.4,30131.2,0,6342.8
2022-05-24 05:41:55+00:00,2022-05-24 05:41:55,6.8408,91.0,100.0,17.8,774.3,14.0,15.0,14.0,56.1137104,10.208625,-0.0688775510204082,0.451530612244898,10.0612244897959,37.4,37.4,37.4,37.4,,,30310.4,30156.8,0,6371.6
2022-05-24 05:42:00+00:00,2022-05-24 05:42:00,9.2618,91.0,100.0,17.2,774.4,14.0,15.0,14.0,56.114038,10.2083302,-0.354591836734694,0.551020408163265,10.0408163265306,37.4,37.4,37.4,37.4,18.0,12.5,30310.4,30156.8,0,6410.2
2022-05-24 05:42:05+00:00,2022-05-24 05:42:05,8.7344,91.0,100.0,-13.3,778.5,14.0,15.0,14.0,56.1144116,10.2079752,-1.53,0.7475,9.98,37.4,37.4,37.4,37.4,18.0,12.5,30310.4,30156.8,0,6457.4
2022-05-24 05:42:10+00:00,2022-05-24 05:42:10,3.9656,91.0,100.0,-14.1,779.2,14.0,15.0,14.0,56.1146622,10.2077386,-1.71683673469388,0.88265306122449,9.97448979591837,37.4,37.2,37.4,37.4,18.0,12.5,30310.4,30156.8,0,6492.6
2022-05-24 05:42:15+00:00,2022-05-24 05:42:15,1.7352,91.0,100.0,1.8,776.9,14.0,15.0,14.0,56.1147592,10.2076502,-0.977040816326531,0.76530612244898,10.0178571428571,37.4,37.2,37.4,37.4,,,30310.4,30156.8,0,6510.4
2022-05-24 05:42:20+00:00,2022-05-24 05:42:20,0.0345,91.0,100.0,1.6,776.4,14.0,15.0,14.0,56.1147875,10.20761675,-0.926020408163265,0.752551020408163,10.0178571428571,37.4,37.2,37.4,37.4,18.0,12.5,30310.4,30156.8,0,6518.5
2022-05-24 05:42:25+00:00,2022-05-24 05:42:25,1.8316,91.0,100.0,4.7,775.3,14.0,15.0,14.0,56.114801,10.2075966,0.25765306122449,0.704081632653061,10.0484693877551,37.4,37.2,37.4,37.4,18.0,12.5,30310.4,30156.8,0,6521.4
2022-05-24 05:42:30+00:00,2022-05-24 05:42:30,5.32633333333333,91.0,100.0,-2.4,776.0,14.0,15.0,14.0,56.1149633333333,10.2074703333333,-0.4275,0.5375,10.0825,37.4,37.2,37.4,37.4,,,30310.4,30156.8,0,6537.0
2022-05-24 05:42:35+00:00,2022-05-24 05:42:35,7.1926,91.0,100.0,6.6,774.7,14.0,15.0,14.0,56.1152274,10.2073456,-0.153061224489796,0.400510204081633,10.1352040816327,37.4,37.2,37.4,37.4,18.0,12.5,30310.4,30156.8,0,6566.0
2022-05-24 05:42:40+00:00,2022-05-24 05:42:40,9.4372,91.0,100.0,-5.3,776.5,14.0,15.0,14.0,56.1156052,10.2072946,-0.459183673469388,0.716836734693878,10.0331632653061,37.4,37.2,37.4,37.4,18.0,12.5,30336.0,30156.8,0,6607.0
2022-05-24 05:42:45+00:00,2022-05-24 05:42:45,5.8088,91.0,100.0,-10.1,779.5,14.0,15.0,14.0,56.116001,10.2072794,-2.88265306122449,0.826530612244898,9.78571428571429,37.4,37.2,37.4,37.4,18.0,12.5,30336.0,30156.8,0,6652.2
2022-05-24 05:42:50+00:00,2022-05-24 05:42:50,0.19225,91.0,100.0,1.7,776.6,14.0,15.0,14.0,56.116089,10.207271,-0.964285714285714,0.760204081632653,10.0076530612245,37.4,37.2,37.4,37.8,18.0,12.5,30336.0,30156.8,0,6671.75
2022-05-24 05:42:55+00:00,2022-05-24 05:42:55,0.005,91.0,100.0,1.6,776.5,14.0,15.0,14.0,56.1160926,10.2072706,-0.78,0.75,10.0,37.4,37.2,37.4,37.8,18.0,12.5,30336.0,30156.8,0,6676.6
2022-05-24 05:43:00+00:00,2022-05-24 05:43:00,0.0018,91.0,100.0,1.6,776.5,14.0,15.0,14.0,56.1160932,10.2072614,-0.780612244897959,0.75,10.0,37.4,37.2,37.4,37.8,18.0,12.5,30336.0,30156.8,0,6678.6
2022-05-24 05:43:05+00:00,2022-05-24 05:43:05,0.001,91.0,100.0,1.6,776.6,14.0,15.0,14.0,56.116096,10.207254,-0.760204081632653,0.75,10.0025510204082,37.4,37.2,37.4,37.8,,,30336.0,30156.8,0,6679.8
2022-05-24 05:43:10+00:00,2022-05-24 05:43:10,0.0008,91.0,100.0,1.6,776.5,14.0,15.0,14.0,56.1161006,10.207249,-0.778061224489796,0.75,10.0025510204082,37.4,37.2,37.4,37.8,18.0,12.5,30336.0,30156.8,0,6680.2
2022-05-24 05:43:15+00:00,2022-05-24 05:43:15,1.4258,91.0,100.0,2.2,776.4,14.0,15.0,14.0,56.1161168,10.2072438,0.232142857142857,0.729591836734694,10.0637755102041,37.4,37.2,37.4,37.8,,,30336.0,30156.8,0,6681.8
2022-05-24 05:43:20+00:00,2022-05-24 05:43:20,7.8856,91.0,100.0,26.9,772.6,14.0,15.0,14.0,56.1163242,10.207232,0.7475,0.6,10.035,37.4,37.2,37.4,37.8,18.0,12.5,30336.0,30156.8,0,6701.4
2022-05-24 05:43:25+00:00,2022-05-24 05:43:25,12.8816,91.0,100.0,35.5,770.8,14.0,15.0,14.0,56.1167992,10.2072216,0.487244897959184,0.602040816326531,10.0892857142857,37.4,37.2,37.4,37.8,18.0,12.5,30336.0,30156.8,0,6755.0
2022-05-24 05:43:30+00:00,2022-05-24 05:43:30,15.8158,91.0,100.0,25.8,771.7,14.0,15.0,14.0,56.1174518,10.2072082,0.104591836734694,0.614795918367347,10.1428571428571,37.4,37.2,37.4,37.8,18.0,12.5,30361.6,30156.8,0,6830.0
2022-05-24 05:43:35+00:00,2022-05-24 05:43:35,16.7446,91.0,100.0,25.8,771.5,14.0,15.0,14.0,56.1181922,10.207202,0.0612244897959184,0.706632653061224,10.1147959183673,37.4,37.2,37.2,37.8,,,30361.6,30156.8,0,6912.0
2022-05-24 05:43:40+00:00,2022-05-24 05:43:40,16.89675,91.0,100.0,30.1,770.4,14.0,15.0,14.0,56.1189575,10.20719625,-0.130102040816327,0.655612244897959,10.0,37.4,37.2,37.2,37.8,,,30387.2,30156.8,0,6995.5
2022-05-24 05:43:45+00:00,2022-05-24 05:43:45,15.8274,91.0,100.0,14.3,773.0,14.0,15.0,14.0,56.1196992,10.2071914,-0.34,0.6125,10.0,37.4,37.2,37.2,37.8,,,30387.2,30156.8,0,7075.8
2022-05-24 05:43:50+00:00,2022-05-24 05:43:50,15.9556,91.0,100.0,14.0,772.9,14.0,15.0,14.0,56.1204174,10.2072062,-0.214285714285714,0.551020408163265,10.094387755102,37.4,37.2,37.2,37.4,18.5,12.5,30387.2,30156.8,0,7155.0
2022-05-24 05:43:55+00:00,2022-05-24 05:43:55,16.344,90.5,100.0,20.5,772.0,14.0,15.0,14.0,56.1211805,10.20728075,-0.13265306122449,0.553571428571429,10.1505102040816,37.4,37.2,37.2,37.4,,,30387.2,30156.8,0,7240.0
2022-05-24 05:44:00+00:00,2022-05-24 05:44:00,17.12,90.5,100.0,19.8,771.8,14.0,15.0,14.0,56.1218912,10.2074102,-0.11734693877551,0.497448979591837,10.0204081632653,37.4,37.2,37.2,37.4,,,30387.2,30156.8,0,7320.8
2022-05-24 05:44:05+00:00,2022-05-24 05:44:05,16.9882,90.5,100.0,-13.3,776.3,14.0,15.0,14.0,56.1226508,10.2076222,-0.637755102040816,0.39030612244898,10.0127551020408,37.4,37.2,37.2,37.4,,,30412.8,30156.8,0,7407.6
2022-05-24 05:44:10+00:00,2022-05-24 05:44:10,15.3594,90.5,100.0,-16.4,777.4,14.0,15.0,14.0,56.1233534,10.2079002,-0.9275,0.44,9.8875,37.4,37.2,37.2,37.4,,,30412.8,30156.8,0,7487.8
2022-05-24 05:44:15+00:00,2022-05-24 05:44:15,14.051,90.5,100.0,-15.2,777.7,14.0,15.0,14.0,56.1239874,10.208228,-1.0,0.591836734693878,9.98979591836735,37.4,37.2,37.2,37.4,,,30412.8,30156.8,0,7560.0
2022-05-24 05:44:20+00:00,2022-05-24 05:44:20,13.4046,91.0,100.0,-10.3,777.6,14.0,15.0,14.0,56.1245882,10.2085756,-0.892857142857143,0.862244897959184,10.0510204081633,37.4,37.4,37.2,37.4,,,30412.8,30182.4,0,7627.8
2022-05-24 05:44:25+00:00,2022-05-24 05:44:25,13.54375,91.0,100.0,-1.5,776.4,14.0,15.0,14.0,56.12516975,10.20890375,-0.663265306122449,0.51530612244898,9.97959183673469,37.4,37.4,37.2,37.4,,,30412.8,30182.4,0,7694.75
2022-05-24 05:44:30+00:00,2022-05-24 05:44:30,14.798,91.0,100.0,19.1,773.6,14.0,15.0,14.0,56.1257678,10.2093106,-0.285714285714286,0.50765306122449,9.98214285714286,37.4,37.4,37.2,37.4,,,30412.8,30182.4,0,7766.0
2022-05-24 05:44:35+00:00,2022-05-24 05:44:35,17.008,90.5,100.0,-1.4,775.9,14.0,15.0,14.0,56.1264254,10.2098608,-0.63,0.6025,9.94,37.4,37.4,37.2,37.4,,,30412.8,30182.4,0,7847.8
2022-05-24 05:44:40+00:00,2022-05-24 05:44:40,15.9152,91.0,100.0,-42.0,781.8,14.0,15.0,14.0,56.1271028,10.2104646,-1.5280612244898,0.681122448979592,10.0612244897959,37.4,37.4,37.2,37.4,18.5,12.5,30412.8,30182.4,0,7931.6
2022-05-24 05:44:45+00:00,2022-05-24 05:44:45,14.3202,91.0,100.0,-18.5,779.4,14.0,15.0,14.0,56.1277004,10.2110104,-0.969387755102041,0.678571428571429,10.0331632653061,37.4,37.4,37.2,37.4,,,30412.8,30182.4,0,8005.6
2022-05-24 05:44:50+00:00,2022-05-24 05:44:50,15.6268,91.0,100.0,3.5,776.2,14.0,15.0,14.0,56.1282942,10.2115486,-0.579081632653061,0.693877551020408,10.0841836734694,37.4,37.4,37.2,37.4,,,30412.8,30182.4,0,8080.2
2022-05-24 05:45:00+00:00,2022-05-24 05:45:00,14.33825,91.0,100.0,-22.1,780.2,14.0,15.0,14.0,56.12951175,10.21267675,-1.395,0.495,10.06,37.4,37.4,37.2,37.4,,,30412.8,30208.0,0,8231.75
2022-05-24 05:45:05+00:00,2022-05-24 05:45:05,12.8042,91.0,100.0,10.7,776.2,14.0,15.0,14.0,56.1300798,10.2130878,-0.326530612244898,2.44897959183673,10.0688775510204,37.4,37.4,37.2,37.4,,,30412.8,30208.0,0,8301.2
2022-05-24 05:45:10+00:00,2022-05-24 05:45:10,14.7268,91.0,100.0,19.8,774.1,14.0,15.0,14.0,56.130689,10.2129884,-0.147959183673469,1.2015306122449,10.1122448979592,37.4,37.4,37.2,37.4,,,30412.8,30208.0,0,8371.2
2022-05-24 05:45:15+00:00,2022-05-24 05:45:15,15.323,91.0,100.0,15.3,774.4,14.0,15.0,14.0,56.1313364,10.2126754,-0.25,1.4719387755102,10.0280612244898,37.4,37.4,37.2,37.4,,,30412.8,30208.0,0,8446.8
2022-05-24 05:45:20+00:00,2022-05-24 05:45:20,15.4822,91.0,100.0,13.9,774.4,14.0,15.0,14.0,56.1319512,10.2121172,-0.596938775510204,0.872448979591837,10.0051020408163,37.4,37.2,37.2,37.4,,,30438.4,30208.0,0,8524.4
2022-05-24 05:45:25+00:00,2022-05-24 05:45:25,11.8834,91.0,100.0,-23.8,780.7,14.0,15.0,14.0,56.132488,10.2115458,-1.2125,0.6825,9.95,37.4,37.2,37.2,37.4,,,30438.4,30208.0,0,8592.6
2022-05-24 05:45:30+00:00,2022-05-24 05:45:30,10.2664,91.0,100.0,10.6,775.5,14.0,15.0,14.0,56.1328978,10.2111116,-0.275510204081633,0.645408163265306,10.0331632653061,37.4,37.2,37.2,37.4,,,30438.4,30208.0,0,8645.2
2022-05-24 05:45:35+00:00,2022-05-24 05:45:35,9.0014,91.0,100.0,-21.2,779.6,14.0,15.0,14.0,56.133285,10.210712,-1.02040816326531,0.721938775510204,10.0255102040816,37.4,37.2,37.2,37.4,,,30438.4,30208.0,0,8695.6
2022-05-24 05:45:40+00:00,2022-05-24 05:45:40,7.554,91.0,100.0,2.6,776.3,14.0,15.0,14.0,56.1335994,10.210408,-0.352040816326531,0.607142857142857,9.99744897959184,37.4,37.2,37.8,37.4,18.5,12.5,30438.4,30208.0,0,8737.6
2022-05-24 05:45:45+00:00,2022-05-24 05:45:45,8.4536,91.0,100.0,20.2,773.7,14.0,15.0,14.0,56.1339164,10.2101318,-0.239795918367347,0.709183673469388,10.0280612244898,37.4,37.2,37.8,37.4,,,30438.4,30208.0,0,8777.0
2022-05-24 05:45:50+00:00,2022-05-24 05:45:50,5.7634,91.0,100.0,-15.7,778.9,14.0,15.0,14.0,56.1342206,10.2098752,-1.2375,0.75,10.025,37.4,37.2,37.8,37.4,18.5,12.5,30438.4,30208.0,0,8815.6
2022-05-24 05:45:55+00:00,2022-05-24 05:45:55,2.325,91.0,100.0,-1.7,777.0,14.0,15.0,14.0,56.1343756,10.2097406,-0.790816326530612,0.721938775510204,10.0229591836735,37.4,37.2,37.8,37.4,,,30438.4,30208.0,0,8839.8
2022-05-24 05:46:00+00:00,2022-05-24 05:46:00,1.1692,91.0,100.0,0.6,776.7,14.0,15.0,14.0,56.1344414,10.2096866,-0.522959183673469,0.709183673469388,10.0357142857143,37.4,37.2,37.8,37.4,,,30438.4,30208.0,0,8851.2
2022-05-24 05:46:05+00:00,2022-05-24 05:46:05,0.1035,91.0,100.0,1.0,776.5,14.0,15.0,14.0,56.13446125,10.20966975,-0.413265306122449,0.739795918367347,10.0357142857143,37.4,37.2,37.8,37.4,,,30438.4,30208.0,0,8856.25
2022-05-24 05:46:10+00:00,2022-05-24 05:46:10,0.0054,91.0,100.0,0.7,776.5,14.0,15.0,14.0,56.1344598,10.2096722,-0.397959183673469,0.727040816326531,10.0280612244898,37.4,37.2,37.8,37.4,18.5,12.5,30438.4,30208.0,0,8857.8
2022-05-24 05:46:15+00:00,2022-05-24 05:46:15,0.0024,91.0,100.0,0.8,776.5,14.0,15.0,14.0,56.134459,10.2096742,-0.36,0.7325,10.015,37.4,37.2,37.8,37.4,18.5,12.5,30438.4,30208.0,0,8858.6
2022-05-24 05:46:20+00:00,2022-05-24 05:46:20,1.234,91.0,100.0,12.4,775.0,14.0,15.0,14.0,56.134472,10.209662,0.979591836734694,0.676020408163265,10.0739795918367,37.4,37.2,37.8,37.4,18.5,12.5,30438.4,30208.0,0,8859.6
2022-05-24 05:46:25+00:00,2022-05-24 05:46:25,8.9634,91.0,100.0,41.6,770.3,14.0,15.0,14.0,56.1346772,10.2094778,1.10459183673469,0.676020408163265,10.0357142857143,37.4,37.2,37.8,37.4,18.5,12.5,30438.4,30208.0,0,8880.2
2022-05-24 05:46:30+00:00,2022-05-24 05:46:30,14.717,91.0,100.0,39.4,769.7,14.0,15.0,14.0,56.13520375,10.20902475,0.459183673469388,0.691326530612245,10.094387755102,37.4,37.2,37.8,37.4,,,30464.0,30208.0,0,8946.25
2022-05-24 05:46:35+00:00,2022-05-24 05:46:35,15.576,90.5,100.0,0.0,775.1,14.0,15.0,14.0,56.1357705,10.20855325,-0.38,0.7475,10.035,37.4,37.2,37.8,37.4,18.5,12.5,30464.0,30208.0,0,9016.75
2022-05-24 05:46:40+00:00,2022-05-24 05:46:40,15.1128,90.5,100.0,1.6,774.9,14.0,15.0,14.0,56.136424,10.2079884,-0.36734693877551,0.433673469387755,10.1301020408163,37.4,37.4,37.4,37.4,18.5,12.5,30464.0,30208.0,0,9097.6
2022-05-24 05:46:45+00:00,2022-05-24 05:46:45,14.2954,90.5,100.0,-22.0,778.1,14.0,15.0,14.0,56.1370432,10.2075452,-0.698979591836735,0.0918367346938776,10.0714285714286,37.4,37.4,37.4,37.4,,,30464.0,30208.0,0,9171.0
2022-05-24 05:46:50+00:00,2022-05-24 05:46:50,10.5658,90.5,100.0,-26.8,779.5,14.0,15.0,14.0,56.1376078,10.2073474,-1.51275510204082,0.591836734693878,10.0331632653061,37.4,37.4,37.4,37.4,,,30464.0,30233.6,0,9233.0
2022-05-24 05:46:55+00:00,2022-05-24 05:46:55,5.0575,91.0,100.0,-6.5,777.3,14.0,15.0,14.0,56.137953,10.2072745,-1.33163265306122,0.808673469387755,10.0076530612245,37.4,37.4,37.4,37.4,,,30464.0,30233.6,0,9273.5
2022-05-24 05:47:00+00:00,2022-05-24 05:47:00,1.5132,91.0,100.0,0.1,776.3,14.0,15.0,14.0,56.138091,10.2072484,-0.705,0.8575,10.0,37.4,37.4,37.4,37.4,,,30464.0,30233.6,0,9294.4
2022-05-24 05:47:05+00:00,2022-05-24 05:47:05,0.022,91.0,100.0,0.5,776.2,14.0,15.0,14.0,56.13810675,10.20724675,-0.405612244897959,0.875,10.0229591836735,37.4,37.4,37.4,37.4,,,30464.0,30233.6,0,9301.25
2022-05-24 05:47:10+00:00,2022-05-24 05:47:10,0.1154,91.0,100.0,1.3,776.1,14.0,15.0,14.0,56.1381166,10.2072438,0.596938775510204,0.849489795918367,10.0535714285714,37.4,37.4,37.4,37.4,,,30464.0,30233.6,0,9303.0
2022-05-24 05:47:15+00:00,2022-05-24 05:47:15,3.4856,91.0,100.0,5.3,775.0,14.0,15.0,14.0,56.138202,10.2072214,0.438775510204082,0.74234693877551,10.0331632653061,37.4,37.4,37.4,37.4,,,30489.6,30233.6,0,9308.2
2022-05-24 05:47:20+00:00,2022-05-24 05:47:20,6.5524,90.5,100.0,1.6,775.6,14.0,15.0,14.0,56.1384804,10.2071676,-0.308673469387755,0.655612244897959,10.0484693877551,37.4,37.4,37.4,37.4,,,30489.6,30233.6,0,9331.0
2022-05-24 05:47:25+00:00,2022-05-24 05:47:25,7.6048,90.5,100.0,7.3,774.9,14.0,15.0,14.0,56.1388336,10.2071366,-0.0918367346938776,0.85969387755102,10.030612244898,37.4,37.4,37.4,37.4,,,30489.6,30233.6,0,9367.2
2022-05-24 05:47:30+00:00,2022-05-24 05:47:30,9.0554,90.5,100.0,27.7,771.8,14.0,15.0,14.0,56.1392272,10.2071178,-0.235,0.98,9.945,37.4,37.4,37.4,37.4,,,30489.6,30233.6,0,9409.8
2022-05-24 05:47:35+00:00,2022-05-24 05:47:35,9.1146,90.5,100.0,21.1,772.8,14.0,15.0,14.0,56.139634,10.2071216,0.270408163265306,0.755102040816326,10.0255102040816,37.4,37.4,37.4,37.4,,,30489.6,30233.6,0,9455.2
2022-05-24 05:47:40+00:00,2022-05-24 05:47:40,11.4778,90.5,100.0,25.2,771.6,14.0,15.0,14.0,56.140107,10.207205,-0.0535714285714286,0.647959183673469,10.0663265306122,37.4,37.4,37.8,37.4,,,30489.6,30233.6,0,9507.0
2022-05-24 05:47:45+00:00,2022-05-24 05:47:45,10.1218,90.5,100.0,-7.2,776.4,14.0,15.0,14.0,56.14061,10.2073238,-0.767857142857143,0.670918367346939,10.0204081632653,37.4,37.4,37.8,37.4,,,30515.2,30233.6,0,9560.8
2022-05-24 05:47:50+00:00,2022-05-24 05:47:50,7.57475,90.5,100.0,-11.4,777.3,14.0,15.0,14.0,56.14099175,10.20741225,-0.821428571428571,0.739795918367347,10.0790816326531,37.4,37.4,37.8,37.4,,,30515.2,30233.6,0,9603.25
2022-05-24 05:47:55+00:00,2022-05-24 05:47:55,5.1156,90.5,100.0,-2.3,776.1,14.0,15.0,14.0,56.1412926,10.2074902,-0.9925,0.6425,10.03,37.4,37.4,37.8,37.4,,,30515.2,30233.6,0,9638.8
2022-05-24 05:48:00+00:00,2022-05-24 05:48:00,1.6134,90.5,100.0,0.2,775.9,14.0,15.0,14.0,56.141436,10.2075272,-0.494897959183673,0.653061224489796,10.0484693877551,37.4,37.4,37.8,37.4,,,30515.2,30233.6,0,9659.6
2022-05-24 05:48:05+00:00,2022-05-24 05:48:05,0.2596,90.5,100.0,0.6,775.8,14.0,15.0,14.0,56.1414874,10.2075402,-0.561224489795918,0.635204081632653,10.015306122449,37.4,37.4,37.8,37.4,,,30515.2,30233.6,0,9668.6
2022-05-24 05:48:10+00:00,2022-05-24 05:48:10,0.0016,90.5,100.0,0.6,775.9,14.0,15.0,14.0,56.1414976,10.2075412,-0.25,0.625,10.0178571428571,37.4,37.4,37.8,37.4,,,30515.2,30233.6,0,9670.8
2022-05-24 05:48:15+00:00,2022-05-24 05:48:15,0.0008,90.5,100.0,0.6,775.9,14.0,15.0,14.0,56.1415042,10.2075416,-0.25,0.625,10.0229591836735,37.4,37.4,37.8,37.4,,,30515.2,30233.6,0,9671.4
2022-05-24 05:48:20+00:00,2022-05-24 05:48:20,0.001,90.5,100.0,0.6,775.9,14.0,15.0,14.0,56.1415116666667,10.207543,-0.25,0.625,10.0225,37.4,37.4,37.8,37.4,,,30515.2,30233.6,0,9672.0
2022-05-24 05:48:25+00:00,2022-05-24 05:48:25,0.0012,90.5,100.0,0.6,775.9,14.0,15.0,14.0,56.141518,10.2075454,-0.25,0.625,10.0178571428571,37.4,37.4,37.8,37.4,,,30515.2,30233.6,0,9672.0
2022-05-24 05:48:30+00:00,2022-05-24 05:48:30,0.001,90.5,100.0,0.6,775.9,14.0,15.0,14.0,56.1415246,10.207547,-0.25,0.625,10.0204081632653,37.4,37.4,37.8,37.4,,,30515.2,30233.6,0,9672.6
2022-05-24 05:48:35+00:00,2022-05-24 05:48:35,0.0148,90.5,100.0,0.6,775.9,14.0,15.0,14.0,56.1415302,10.2075484,-0.0535714285714286,0.61734693877551,10.0255102040816,37.4,37.4,37.8,37.4,18.5,13.0,30515.2,30233.6,0,9673.0
2022-05-24 05:48:40+00:00,2022-05-24 05:48:40,0.6386,90.5,100.0,-1.0,776.0,14.0,15.0,14.0,56.1415552,10.2075572,0.0510204081632653,0.581632653061224,10.0408163265306,37.4,37.4,37.8,37.4,,,30515.2,30233.6,0,9674.4
2022-05-24 05:48:45+00:00,2022-05-24 05:48:45,1.38,90.5,100.0,-1.2,776.0,14.0,15.0,14.0,56.141626,10.207574,-0.565,0.615,10.03,37.4,37.4,37.8,37.4,,,30515.2,30233.6,0,9679.4
2022-05-24 05:48:50+00:00,2022-05-24 05:48:50,0.01275,90.5,100.0,0.6,775.9,14.0,15.0,14.0,56.14165275,10.20757675,-0.331632653061224,0.625,10.0484693877551,37.4,37.4,37.8,37.4,,,30515.2,30233.6,0,9683.75
2022-05-24 05:48:55+00:00,2022-05-24 05:48:55,0.012,90.5,100.0,0.7,775.9,14.0,15.0,14.0,56.1416602,10.207576,-0.267857142857143,0.625,10.0382653061224,37.4,37.4,37.8,37.4,18.5,13.0,30515.2,30233.6,0,9685.0
2022-05-24 05:49:00+00:00,2022-05-24 05:49:00,0.0132,90.5,100.0,0.7,775.9,14.0,15.0,14.0,56.1416672,10.2075752,-0.252551020408163,0.625,10.0382653061224,37.4,37.4,37.8,37.4,,,30515.2,30233.6,0,9685.0
2022-05-24 05:49:05+00:00,2022-05-24 05:49:05,0.006,90.5,100.0,0.6,775.9,14.0,15.0,14.0,56.1416714,10.2075746,-0.267857142857143,0.625,10.0229591836735,37.4,37.4,37.8,37.4,,,30515.2,30233.6,0,9685.6
2022-05-24 05:49:10+00:00,2022-05-24 05:49:10,0.0012,90.5,100.0,0.6,775.9,14.0,15.0,14.0,56.1416756,10.2075748,-0.25,0.625,10.0275,37.4,37.4,37.8,37.4,,,30515.2,30233.6,0,9686.0
2022-05-24 05:49:15+00:00,2022-05-24 05:49:15,0.0022,90.5,100.0,0.6,775.9,14.0,15.0,14.0,56.1416802,10.207575,-0.25,0.625,10.0357142857143,37.4,37.4,37.8,37.4,,,30515.2,30233.6,0,9686.0
2022-05-24 05:49:20+00:00,2022-05-24 05:49:20,0.0014,90.5,100.0,0.7,775.9,14.0,15.0,14.0,56.141687,10.207575,-0.25,0.625,10.0357142857143,37.4,37.4,37.8,37.4,,,30515.2,30233.6,0,9686.0
2022-05-24 05:49:25+00:00,2022-05-24 05:49:25,0.0436,90.5,100.0,0.8,775.9,14.0,15.0,14.0,56.141696,10.2075732,0.00255102040816327,0.627551020408163,10.0586734693878,37.4,37.4,37.8,37.4,,,30515.2,30233.6,0,9686.8
2022-05-24 05:49:30+00:00,2022-05-24 05:49:30,0.2602,90.5,100.0,0.5,775.9,14.0,15.0,14.0,56.141706,10.2075704,-0.415816326530612,0.676020408163265,10.0408163265306,37.4,37.4,37.8,37.4,,,30515.2,30233.6,0,9687.6
2022-05-24 05:49:35+00:00,2022-05-24 05:49:35,0.0144,90.5,100.0,0.6,775.9,14.0,15.0,14.0,56.1417134,10.2075666,-0.3725,0.655,10.02,37.4,37.4,37.8,37.4,19.0,13.0,30515.2,30233.6,0,9688.4
2022-05-24 05:49:40+00:00,2022-05-24 05:49:40,0.0092,90.5,100.0,0.6,775.9,14.0,15.0,14.0,56.1417204,10.207567,-0.25,0.627551020408163,10.0204081632653,37.4,37.4,37.8,37.4,,,30515.2,30233.6,0,9689.0
2022-05-24 05:49:45+00:00,2022-05-24 05:49:45,0.0298,90.5,100.0,0.8,775.8,14.0,15.0,14.0,56.1417292,10.2075688,-0.0561224489795918,0.627551020408163,10.0408163265306,37.4,37.4,37.8,37.4,19.0,13.0,30515.2,30233.6,0,9689.0
2022-05-24 05:49:50+00:00,2022-05-24 05:49:50,0.0978,90.5,100.0,4.2,775.3,14.0,15.0,14.0,56.141742,10.2075722,0.0969387755102041,0.589285714285714,10.0586734693878,37.4,37.4,37.8,37.4,,,30515.2,30233.6,0,9690.0
2022-05-24 05:50:00+00:00,2022-05-24 05:50:00,0.0828,90.5,100.0,0.1,775.9,14.0,15.0,14.0,56.1417608,10.2075756,-0.5275,0.6075,10.02,37.4,37.4,37.8,37.4,,,30515.2,30233.6,0,9691.0
2022-05-24 05:50:05+00:00,2022-05-24 05:50:05,0.0204,90.5,100.0,0.7,775.8,14.0,15.0,14.0,56.1417796,10.2075784,-0.219387755102041,0.625,10.0459183673469,37.4,37.4,37.8,37.4,,,30515.2,30233.6,0,9691.0
2022-05-24 05:50:10+00:00,2022-05-24 05:50:10,0.0264,90.5,100.0,0.9,775.8,13.0,15.0,14.0,56.1417978,10.2075776,-0.125,0.614795918367347,10.0459183673469,37.4,37.4,37.8,37.4,,,30515.2,30233.6,0,9691.8
2022-05-24 05:50:15+00:00,2022-05-24 05:50:15,0.0226,90.5,100.0,1.2,775.7,14.0,15.0,14.0,56.1418102,10.2075784,-0.219387755102041,0.61734693877551,10.0484693877551,37.4,37.4,37.8,37.4,,,30515.2,30233.6,0,9692.0
2022-05-24 05:50:20+00:00,2022-05-24 05:50:20,0.0156,90.5,100.0,0.7,775.8,14.0,15.0,14.0,56.1418164,10.207578,-0.339285714285714,0.625,10.0331632653061,37.4,37.4,37.8,37.4,18.5,13.0,30515.2,30233.6,0,9692.6
2022-05-24 05:50:25+00:00,2022-05-24 05:50:25,0.0072,90.5,100.0,0.7,775.8,14.0,15.0,14.0,56.1418252,10.207578,-0.2475,0.625,10.03,37.4,37.4,37.8,37.4,,,30515.2,30233.6,0,9693.0
2022-05-24 05:50:30+00:00,2022-05-24 05:50:30,0.0044,90.5,100.0,0.7,775.8,14.0,15.0,14.0,56.1418318,10.2075778,-0.244897959183673,0.625,10.0255102040816,37.4,37.4,37.8,37.4,,,30515.2,30233.6,0,9693.0
2022-05-24 05:50:35+00:00,2022-05-24 05:50:35,0.0028,90.5,100.0,1.1,775.8,14.0,15.0,14.0,56.141837,10.2075784,-0.244897959183673,0.625,10.0255102040816,37.4,37.4,37.8,37.4,,,30515.2,30233.6,0,9694.0
2022-05-24 05:50:40+00:00,2022-05-24 05:50:40,0.0008,90.5,100.0,1.6,775.8,14.0,15.0,14.0,56.1418436,10.2075808,-0.24234693877551,0.625,10.0382653061224,37.4,37.4,37.8,37.4,,,30515.2,30233.6,0,9694.0
2022-05-24 05:50:45+00:00,2022-05-24 05:50:45,0.0014,90.5,100.0,1.7,775.8,14.0,15.0,14.0,56.1418512,10.2075792,-0.2425,0.625,10.0375,37.4,37.4,37.8,37.4,,,30515.2,30233.6,0,9694.0
2022-05-24 05:50:50+00:00,2022-05-24 05:50:50,0.0014,90.5,100.0,1.8,775.8,14.0,15.0,14.0,56.1418608,10.2075776,-0.247448979591837,0.625,10.0280612244898,37.4,37.4,37.8,37.4,,,30515.2,30233.6,0,9694.0
2022-05-24 05:50:55+00:00,2022-05-24 05:50:55,0.0678,90.5,100.0,2.1,775.7,14.0,15.0,14.0,56.1418714,10.2075768,0.278061224489796,0.614795918367347,10.0510204081633,37.4,37.4,37.8,37.4,,,30515.2,30233.6,0,9694.0
2022-05-24 05:51:00+00:00,2022-05-24 05:51:00,0.4942,90.5,100.0,0.7,775.9,14.0,15.0,14.0,56.1418966,10.2075808,-0.301020408163265,0.576530612244898,10.0561224489796,37.4,37.4,37.8,37.4,19.0,13.0,30515.2,30233.6,0,9695.4
2022-05-24 05:51:05+00:00,2022-05-24 05:51:05,0.4212,90.5,100.0,1.1,775.8,14.0,15.0,14.0,56.1419476,10.2075964,-0.551020408163265,0.558673469387755,10.0408163265306,37.4,37.4,37.8,37.4,,,30515.2,30233.6,0,9697.8
2022-05-24 05:51:10+00:00,2022-05-24 05:51:10,0.0104,90.5,100.0,1.9,775.7,14.0,15.0,14.0,56.141971,10.2076096,-0.26,0.55,10.035,37.4,37.4,37.8,37.4,,,30515.2,30233.6,0,9699.8
2022-05-24 05:51:15+00:00,2022-05-24 05:51:15,0.0058,90.5,100.0,1.8,775.7,14.0,15.0,14.0,56.1419866,10.2076186,-0.275510204081633,0.594387755102041,10.0331632653061,37.4,37.4,37.8,37.4,,,30515.2,30233.6,0,9701.0
2022-05-24 05:51:20+00:00,2022-05-24 05:51:20,0.0608,90.5,100.0,2.1,775.7,14.0,15.0,14.0,56.1420028,10.2076246,0.150510204081633,0.553571428571429,10.0663265306122,37.4,37.4,37.8,37.4,,,30515.2,30233.6,0,9701.6
2022-05-24 05:51:25+00:00,2022-05-24 05:51:25,2.1814,90.5,100.0,13.2,774.1,14.0,15.0,14.0,56.14205,10.207643,0.573979591836735,0.576530612244898,10.1020408163265,37.4,37.4,37.8,37.4,19.0,13.0,30515.2,30233.6,0,9704.4
2022-05-24 05:51:30+00:00,2022-05-24 05:51:30,3.0674,90.5,100.0,-4.3,776.5,14.0,15.0,14.0,56.1422234,10.2077184,-0.823979591836735,0.663265306122449,10.0535714285714,37.4,37.4,37.8,37.4,,,30540.8,30233.6,0,9716.6
2022-05-24 05:51:35+00:00,2022-05-24 05:51:35,1.7962,90.5,100.0,1.1,775.7,14.0,15.0,14.0,56.1423506,10.2077846,-0.59,0.6975,10.0325,37.4,37.4,37.8,37.4,,,30540.8,30233.6,0,9729.8
2022-05-24 05:51:40+00:00,2022-05-24 05:51:40,0.2126,90.5,100.0,2.4,775.6,14.0,15.0,14.0,56.1423816,10.2078078,-0.323979591836735,0.645408163265306,10.0357142857143,37.4,37.4,37.8,37.4,,,30540.8,30233.6,0,9737.2
2022-05-24 05:51:45+00:00,2022-05-24 05:51:45,0.4562,90.5,100.0,5.1,775.2,14.0,15.0,14.0,56.1423968,10.2078222,0.0433673469387755,0.607142857142857,10.0765306122449,37.4,37.4,37.8,37.4,,,30540.8,30233.6,0,9739.4
2022-05-24 05:51:50+00:00,2022-05-24 05:51:50,0.4125,90.5,100.0,2.2,775.6,14.0,15.0,14.0,56.14243575,10.2078505,-0.415816326530612,0.604591836734694,10.0408163265306,37.4,37.4,37.8,37.4,19.0,13.0,30540.8,30233.6,0,9742.0
2022-05-24 05:51:55+00:00,2022-05-24 05:51:55,0.032,90.5,100.0,2.0,775.6,14.0,15.0,14.0,56.1424534,10.2078622,-0.193877551020408,0.607142857142857,10.0535714285714,37.4,37.4,37.8,37.4,,,30540.8,30233.6,0,9743.2
2022-05-24 05:52:00+00:00,2022-05-24 05:52:00,0.632,90.5,100.0,4.3,775.2,14.0,15.0,14.0,56.1424876,10.207888,-0.315,0.6225,10.06,37.4,37.4,37.8,37.4,,,30540.8,30233.6,0,9744.6
2022-05-24 05:52:05+00:00,2022-05-24 05:52:05,0.044,90.5,100.0,2.5,775.5,14.0,15.0,14.0,56.1425192,10.207913,-0.137755102040816,0.625,10.0561224489796,37.4,37.4,37.8,37.4,,,30540.8,30233.6,0,9747.0
2022-05-24 05:52:10+00:00,2022-05-24 05:52:10,0.7036,90.5,100.0,2.7,775.5,14.0,15.0,14.0,56.1425524,10.2079338,-0.318877551020408,0.637755102040816,10.0510204081633,37.4,37.4,37.8,37.4,,,30540.8,30233.6,0,9749.2
2022-05-24 05:52:15+00:00,2022-05-24 05:52:15,0.2478,90.5,100.0,1.4,775.7,14.0,15.0,14.0,56.142577,10.2079462,-0.125,0.589285714285714,10.0459183673469,37.4,37.4,37.8,37.4,19.5,13.0,30540.8,30233.6,0,9752.0
2022-05-24 05:52:20+00:00,2022-05-24 05:52:20,2.0848,90.5,100.0,5.5,775.1,14.0,15.0,14.0,56.142643,10.20798,-0.130102040816327,0.543367346938776,10.0408163265306,37.4,37.4,37.8,37.4,19.5,13.0,30540.8,30233.6,0,9756.8
2022-05-24 05:52:25+00:00,2022-05-24 05:52:25,2.0436,90.5,100.0,0.9,775.7,14.0,15.0,14.0,56.142753,10.2080366,-0.4525,0.615,10.04,37.4,37.4,37.8,37.4,19.5,13.0,30540.8,30233.6,0,9766.8
2022-05-24 05:52:30+00:00,2022-05-24 05:52:30,1.415,90.5,100.0,1.7,775.6,14.0,15.0,14.0,56.14283175,10.20807325,-0.339285714285714,0.658163265306122,10.0663265306122,37.4,37.4,37.8,37.4,,,30540.8,30233.6,0,9775.5
2022-05-24 05:52:35+00:00,2022-05-24 05:52:35,1.604,90.5,100.0,3.2,775.4,14.0,15.0,14.0,56.1429083333333,10.208109,-0.0918367346938776,0.676020408163265,10.0484693877551,37.4,37.4,37.8,37.4,19.5,13.0,30540.8,30233.6,0,9783.33333333333
2022-05-24 05:52:40+00:00,2022-05-24 05:52:40,1.50425,90.5,100.0,1.6,775.6,14.0,15.0,14.0,56.14301125,10.20815875,-0.405612244897959,0.658163265306122,10.0561224489796,37.4,37.4,37.8,37.4,,,30540.8,30233.6,0,9792.0
2022-05-24 05:52:45+00:00,2022-05-24 05:52:45,1.0852,90.5,100.0,1.9,775.5,14.0,15.0,14.0,56.1430764,10.2081876,-0.293367346938776,0.604591836734694,10.0357142857143,37.4,37.4,37.8,37.4,,,30540.8,30233.6,0,9798.6
2022-05-24 05:52:50+00:00,2022-05-24 05:52:50,0.304,90.5,100.0,2.5,775.1,14.0,15.0,14.0,56.1431044,10.2081956,0.0175,0.54,10.05,37.4,37.4,37.8,37.4,,,30540.8,30233.6,0,9803.4
2022-05-24 05:52:55+00:00,2022-05-24 05:52:55,0.4992,90.5,100.0,2.2,774.4,14.0,15.0,14.0,56.1431382,10.2082198,-0.270408163265306,0.545918367346939,10.0382653061224,37.4,37.4,37.8,37.4,,,30540.8,30233.6,0,9805.8
